Package,Count,Sort,Timestamp,Is_Current
pandas,965,hotness,31:16.4,0
numpy,953,hotness,31:16.4,0
matplotlib,808,hotness,31:16.4,0
sklearn,648,hotness,31:16.4,0
os,546,hotness,31:16.4,0
seaborn,530,hotness,31:16.4,0
warnings,224,hotness,31:16.4,0
xgboost,153,hotness,31:16.4,0
tensorflow,146,hotness,31:16.4,0
plotly,118,hotness,31:16.4,0
tqdm,109,hotness,31:16.4,0
scipy,99,hotness,31:16.4,0
random,94,hotness,31:16.4,0
torch,82,hotness,31:16.4,0
lightgbm,81,hotness,31:16.4,0
IPython,77,hotness,31:16.4,0
PIL,72,hotness,31:16.4,0
mpl_toolkits,64,hotness,31:16.4,0
collections,63,hotness,31:16.4,0
datetime,63,hotness,31:16.4,0
cv2,62,hotness,31:16.4,0
time,60,hotness,31:16.4,0
catboost,57,hotness,31:16.4,0
pathlib,57,hotness,31:16.4,0
math,55,hotness,31:16.4,0
re,53,hotness,31:16.4,0
keras,52,hotness,31:16.4,0
json,51,hotness,31:16.4,0
gc,48,hotness,31:16.4,0
imblearn,48,hotness,31:16.4,0
statsmodels,43,hotness,31:16.4,0
glob,42,hotness,31:16.4,0
itertools,42,hotness,31:16.4,0
sys,40,hotness,31:16.4,0
optuna,39,hotness,31:16.4,0
pickle,30,hotness,31:16.4,0
torchvision,28,hotness,31:16.4,0
nltk,28,hotness,31:16.4,0
urllib,27,hotness,31:16.4,0
category_encoders,22,hotness,31:16.4,0
pandas_profiling,22,hotness,31:16.4,0
transformers,21,hotness,31:16.4,0
typing,21,hotness,31:16.4,0
shutil,20,hotness,31:16.4,0
functools,19,hotness,31:16.4,0
string,17,hotness,31:16.4,0
copy,16,hotness,31:16.4,0
fastai,16,hotness,31:16.4,0
wordcloud,15,hotness,31:16.4,0
requests,14,hotness,31:16.4,0
missingno,13,hotness,31:16.4,0
librosa,13,hotness,31:16.4,0
skimage,12,hotness,31:16.4,0
colorama,10,hotness,31:16.4,0
lifetimes,10,hotness,31:16.4,0
pycaret,10,hotness,31:16.4,0
io,9,hotness,31:16.4,0
zipfile,8,hotness,31:16.4,0
polars,8,hotness,31:16.4,0
importlib,8,hotness,31:16.4,0
folium,8,hotness,31:16.4,0
bs4,8,hotness,31:16.4,0
albumentations,8,hotness,31:16.4,0
sentence_transformers,8,hotness,31:16.4,0
umap,7,hotness,31:16.4,0
datasets,7,hotness,31:16.4,0
mlxtend,7,hotness,31:16.4,0
amp_pd_peptide,6,hotness,31:16.4,0
autoviz,6,hotness,31:16.4,0
contextlib,6,hotness,31:16.4,0
lazypredict,6,hotness,31:16.4,0
geopandas,6,hotness,31:16.4,0
csv,6,hotness,31:16.4,0
networkx,6,hotness,31:16.4,0
pytorch_lightning,6,hotness,31:16.4,0
tensorflow_datasets,5,hotness,31:16.4,0
joblib,5,hotness,31:16.4,0
kaggle_secrets,5,hotness,31:16.4,0
yellowbrick,5,hotness,31:16.4,0
shap,5,hotness,31:16.4,0
argparse,5,hotness,31:16.4,0
inspect,5,hotness,31:16.4,0
multiprocessing,5,hotness,31:16.4,0
statistics,5,hotness,31:16.4,0
flaml,5,hotness,31:16.4,0
pprint,5,hotness,31:16.4,0
tflite_runtime,5,hotness,31:16.4,0
google,4,hotness,31:16.4,0
splitfolders,4,hotness,31:16.4,0
fasteda,4,hotness,31:16.4,0
gensim,4,hotness,31:16.4,0
eli5,4,hotness,31:16.4,0
tensorflow_hub,4,hotness,31:16.4,0
torch_geometric,4,hotness,31:16.4,0
abc,4,hotness,31:16.4,0
sweetviz,4,hotness,31:16.4,0
gym,4,hotness,31:16.4,0
torchinfo,4,hotness,31:16.4,0
ast,4,hotness,31:16.4,0
tensorflow_addons,4,hotness,31:16.4,0
subprocess,3,hotness,31:16.4,0
onnx,3,hotness,31:16.4,0
timm,3,hotness,31:16.4,0
textwrap,3,hotness,31:16.4,0
logging,3,hotness,31:16.4,0
xml,3,hotness,31:16.4,0
lofo,3,hotness,31:16.4,0
onnx_tf,3,hotness,31:16.4,0
pmdarima,3,hotness,31:16.4,0
pyspark,3,hotness,31:16.4,0
squarify,3,hotness,31:16.4,0
factor_analyzer,3,hotness,31:16.4,0
learntools,3,hotness,31:16.4,0
operator,3,hotness,31:16.4,0
surprise,3,hotness,31:16.4,0
graphviz,3,hotness,31:16.4,0
gzip,3,hotness,31:16.4,0
helper_functions,3,hotness,31:16.4,0
tensorflow_io,3,hotness,31:16.4,0
decimal,3,hotness,31:16.4,0
deepchecks,3,hotness,31:16.4,0
open_clip,2,hotness,31:16.4,0
hdbscan,2,hotness,31:16.4,0
onnxsim,2,hotness,31:16.4,0
clip_interrogator,2,hotness,31:16.4,0
regex,2,hotness,31:16.4,0
libpysal,2,hotness,31:16.4,0
pickletools,2,hotness,31:16.4,0
torchaudio,2,hotness,31:16.4,0
chinese_calendar,2,hotness,31:16.4,0
blip,2,hotness,31:16.4,0
pydicom,2,hotness,31:16.4,0
einops,2,hotness,31:16.4,0
esda,2,hotness,31:16.4,0
celluloid,2,hotness,31:16.4,0
kneed,2,hotness,31:16.4,0
spacy,2,hotness,31:16.4,0
opendatasets,2,hotness,31:16.4,0
holidays,2,hotness,31:16.4,0
emoji,2,hotness,31:16.4,0
pyarrow,2,hotness,31:16.4,0
gp_bo,2,hotness,31:16.4,0
tabulate,2,hotness,31:16.4,0
featurewiz,2,hotness,31:16.4,0
soundfile,2,hotness,31:16.4,0
imutils,2,hotness,31:16.4,0
kaggle_datasets,2,hotness,31:16.4,0
luxai_s2,2,hotness,31:16.4,0
textblob,2,hotness,31:16.4,0
rapidfuzz,2,hotness,31:16.4,0
plotnine,2,hotness,31:16.4,0
tsflex,2,hotness,31:16.4,0
seglearn,2,hotness,31:16.4,0
ignite,2,hotness,31:16.4,0
keras_tuner,2,hotness,31:16.4,0
torchmetrics,2,hotness,31:16.4,0
segmentation_models_pytorch,2,hotness,31:16.4,0
timeit,2,hotness,31:16.4,0
hyperopt,2,hotness,31:16.4,0
prophet,2,hotness,31:16.4,0
ipywidgets,2,hotness,31:16.4,0
pylab,2,hotness,31:16.4,0
struct,2,hotness,31:16.4,0
lobe,2,hotness,31:16.4,0
fastbook,2,hotness,31:16.4,0
torchsummary,2,hotness,31:16.4,0
evaluate,2,hotness,31:16.4,0
fastkaggle,2,hotness,31:16.4,0
dataprep,2,hotness,31:16.4,0
lets_plot,2,hotness,31:16.4,0
wandb,2,hotness,31:16.4,0
lovely_numpy,1,hotness,31:16.4,0
cairosvg,1,hotness,31:16.4,0
torchviz,1,hotness,31:16.4,0
polyleven,1,hotness,31:16.4,0
monai,1,hotness,31:16.4,0
neuralprophet,1,hotness,31:16.4,0
openai,1,hotness,31:16.4,0
phik,1,hotness,31:16.4,0
pyvis,1,hotness,31:16.4,0
efficientnet_pytorch_3d,1,hotness,31:16.4,0
tensorflow_decision_forests,1,hotness,31:16.4,0
jo_wilder,1,hotness,31:16.4,0
pygal_maps_world,1,hotness,31:16.4,0
geopy,1,hotness,31:16.4,0
emd,1,hotness,31:16.4,0
accelerate,1,hotness,31:16.4,0
pulp,1,hotness,31:16.4,0
gymnasium,1,hotness,31:16.4,0
pkg_resources,1,hotness,31:16.4,0
tensorflow_data_validation,1,hotness,31:16.4,0
birdclef_utils,1,hotness,31:16.4,0
itables,1,hotness,31:16.4,0
rouge,1,hotness,31:16.4,0
pca,1,hotness,31:16.4,0
prince,1,hotness,31:16.4,0
mlens,1,hotness,31:16.4,0
imagehash,1,hotness,31:16.4,0
tempfile,1,hotness,31:16.4,0
SimpleITK,1,hotness,31:16.4,0
miceforest,1,hotness,31:16.4,0
pycomp,1,hotness,31:16.4,0
klib,1,hotness,31:16.4,0
tkinter,1,hotness,31:16.4,0
bboxregressiongenerator,1,hotness,31:16.4,0
giddy,1,hotness,31:16.4,0
dataclasses,1,hotness,31:16.4,0
hvplot,1,hotness,31:16.4,0
difflib,1,hotness,31:16.4,0
enum,1,hotness,31:16.4,0
pydantic,1,hotness,31:16.4,0
pycountry_convert,1,hotness,31:16.4,0
splot,1,hotness,31:16.4,0
spreg,1,hotness,31:16.4,0
skompiler,1,hotness,31:16.4,0
cufflinks,1,hotness,31:16.4,0
prettytable,1,hotness,31:16.4,0
pywaffle,1,hotness,31:16.4,0
base64,1,hotness,31:16.4,0
tarfile,1,hotness,31:16.4,0
detectron2,1,hotness,31:16.4,0
cleanvision,1,hotness,31:16.4,0
scikitplot,1,hotness,31:16.4,0
pygam,1,hotness,31:16.4,0
tsfresh,1,hotness,31:16.4,0
pandarallel,1,hotness,31:16.4,0
mpld3,1,hotness,31:16.4,0
cudf,1,hotness,31:16.4,0
efficientnet,1,hotness,31:16.4,0
autosklearn,1,hotness,31:16.4,0
hummingbird,1,hotness,31:16.4,0
torch_scatter,1,hotness,31:16.4,0
graphnet,1,hotness,31:16.4,0
fredapi,1,hotness,31:16.4,0
country_converter,1,hotness,31:16.4,0
unidecode,1,hotness,31:16.4,0
dython,1,hotness,31:16.4,0
ultralytics,1,hotness,31:16.4,0
h2o,1,hotness,31:16.4,0
wpca,1,hotness,31:16.4,0
dask,1,hotness,31:16.4,0
kaggle,1,hotness,31:16.4,0
pywt,1,hotness,31:16.4,0
torchlibrosa,1,hotness,31:16.4,0
vaderSentiment,1,hotness,31:16.4,0
lightautoml,1,hotness,31:16.4,0
vit_keras,1,hotness,31:16.4,0
,1,hotness,31:16.4,0
instancenormalization,1,hotness,31:16.4,0
keras_contrib,1,hotness,31:16.4,0
numexpr,1,hotness,31:16.4,0
visualkeras,1,hotness,31:16.4,0
ipyvizzu,1,hotness,31:16.4,0
mpn_model,1,hotness,31:16.4,0
lux,1,hotness,31:16.4,0
branca,1,hotness,31:16.4,0
hashlib,1,hotness,31:16.4,0
sympy,1,hotness,31:16.4,0
fitparse,1,hotness,31:16.4,0
huggingsound,1,hotness,31:16.4,0
imageio,1,hotness,31:16.4,0
tensorflow_docs,1,hotness,31:16.4,0
docx,1,hotness,31:16.4,0
bisect,1,hotness,31:16.4,0
jsonlines,1,hotness,31:16.4,0
cutecharts,1,hotness,31:16.4,0
shapely,1,hotness,31:16.4,0
pyLDAvis,1,hotness,31:16.4,0
contextily,1,hotness,31:16.4,0
dateutil,1,hotness,31:16.4,0
rich,1,hotness,31:16.4,0
sqlite3,1,hotness,31:16.4,0
builtins,1,hotness,31:16.4,0
concurrent,1,hotness,31:16.4,0
streamlit,1,hotness,31:16.4,0
gradio,1,hotness,31:16.4,0
openTSNE,1,hotness,31:16.4,0
fastcore,1,hotness,31:16.4,0
duckdb,1,hotness,31:16.4,0
distutils,1,hotness,31:16.4,0
ydata_profiling,1,hotness,31:16.4,0
utils,1,hotness,31:16.4,0
model,1,hotness,31:16.4,0
lingam,1,hotness,31:16.4,0
rioxarray,1,hotness,31:16.4,0
snoop,1,hotness,31:16.4,0
netCDF4,1,hotness,31:16.4,0
lexsub,1,hotness,31:16.4,0
xarray,1,hotness,31:16.4,0
emot,1,hotness,31:16.4,0
decode,1,hotness,31:16.4,0
contractions,1,hotness,31:16.4,0
plotly_express,1,hotness,31:16.4,0
stable_baselines3,1,hotness,31:16.4,0
progressbar,1,hotness,31:16.4,0
audioread,1,hotness,31:16.4,0
mxnet,1,hotness,31:16.4,0
tensorflow_probability,1,hotness,31:16.4,0
colorednoise,1,hotness,31:16.4,0
pystacknet,1,hotness,31:16.4,0
diffusers,1,hotness,31:16.4,0
lxml,1,hotness,31:16.4,0
zarr,1,hotness,31:16.4,0
segmentation_models,1,hotness,31:16.4,0
easyocr,1,hotness,31:16.4,0
sb3_contrib,1,hotness,31:16.4,0
importlib_metadata,1,hotness,31:16.4,0
autogluon,1,hotness,31:16.4,0
haversine,1,hotness,31:16.4,0
stepwise_regression,1,hotness,31:16.4,0
labml,1,hotness,31:16.4,0
stable_diffusion,1,hotness,31:16.4,0
super_gradients,1,hotness,31:16.4,0
warmup_scheduler,1,hotness,31:16.4,0
termcolor,1,hotness,31:16.4,0
bokeh,1,hotness,31:16.4,0
faiss,1,hotness,31:16.4,0
rfpimp,1,hotness,31:16.4,0
boruta,1,hotness,31:16.4,0
types,1,hotness,31:16.4,0
mask_functions,1,hotness,31:16.4,0
pandas,957,hotness,29:41.9,0
numpy,944,hotness,29:41.9,0
matplotlib,797,hotness,29:41.9,0
sklearn,633,hotness,29:41.9,0
os,552,hotness,29:41.9,0
seaborn,524,hotness,29:41.9,0
warnings,210,hotness,29:41.9,0
xgboost,141,hotness,29:41.9,0
tensorflow,139,hotness,29:41.9,0
plotly,126,hotness,29:41.9,0
scipy,114,hotness,29:41.9,0
tqdm,100,hotness,29:41.9,0
random,83,hotness,29:41.9,0
lightgbm,83,hotness,29:41.9,0
torch,73,hotness,29:41.9,0
IPython,73,hotness,29:41.9,0
PIL,65,hotness,29:41.9,0
mpl_toolkits,60,hotness,29:41.9,0
time,60,hotness,29:41.9,0
collections,59,hotness,29:41.9,0
datetime,59,hotness,29:41.9,0
cv2,58,hotness,29:41.9,0
re,56,hotness,29:41.9,0
keras,55,hotness,29:41.9,0
pathlib,55,hotness,29:41.9,0
math,50,hotness,29:41.9,0
catboost,49,hotness,29:41.9,0
statsmodels,46,hotness,29:41.9,0
json,45,hotness,29:41.9,0
sys,40,hotness,29:41.9,0
gc,39,hotness,29:41.9,0
itertools,39,hotness,29:41.9,0
imblearn,39,hotness,29:41.9,0
glob,37,hotness,29:41.9,0
optuna,32,hotness,29:41.9,0
nltk,28,hotness,29:41.9,0
torchvision,25,hotness,29:41.9,0
pickle,23,hotness,29:41.9,0
pandas_profiling,23,hotness,29:41.9,0
category_encoders,21,hotness,29:41.9,0
transformers,20,hotness,29:41.9,0
shutil,20,hotness,29:41.9,0
wordcloud,20,hotness,29:41.9,0
string,19,hotness,29:41.9,0
urllib,19,hotness,29:41.9,0
typing,19,hotness,29:41.9,0
librosa,17,hotness,29:41.9,0
requests,17,hotness,29:41.9,0
colorama,15,hotness,29:41.9,0
fastai,15,hotness,29:41.9,0
missingno,15,hotness,29:41.9,0
functools,14,hotness,29:41.9,0
copy,14,hotness,29:41.9,0
geopandas,12,hotness,29:41.9,0
skimage,11,hotness,29:41.9,0
io,11,hotness,29:41.9,0
bs4,11,hotness,29:41.9,0
pycaret,10,hotness,29:41.9,0
autoviz,9,hotness,29:41.9,0
lifetimes,9,hotness,29:41.9,0
importlib,8,hotness,29:41.9,0
sentence_transformers,8,hotness,29:41.9,0
csv,8,hotness,29:41.9,0
albumentations,8,hotness,29:41.9,0
polars,8,hotness,29:41.9,0
folium,8,hotness,29:41.9,0
pprint,7,hotness,29:41.9,0
statistics,7,hotness,29:41.9,0
amp_pd_peptide,7,hotness,29:41.9,0
multiprocessing,7,hotness,29:41.9,0
datasets,7,hotness,29:41.9,0
zipfile,7,hotness,29:41.9,0
contextlib,7,hotness,29:41.9,0
contextily,7,hotness,29:41.9,0
umap,7,hotness,29:41.9,0
argparse,6,hotness,29:41.9,0
tensorflow_datasets,6,hotness,29:41.9,0
subprocess,6,hotness,29:41.9,0
learntools,6,hotness,29:41.9,0
flaml,6,hotness,29:41.9,0
yellowbrick,6,hotness,29:41.9,0
lobe,5,hotness,29:41.9,0
mlxtend,5,hotness,29:41.9,0
lazypredict,5,hotness,29:41.9,0
inspect,5,hotness,29:41.9,0
xml,5,hotness,29:41.9,0
timm,5,hotness,29:41.9,0
pytorch_lightning,5,hotness,29:41.9,0
google,5,hotness,29:41.9,0
tensorflow_hub,5,hotness,29:41.9,0
eli5,4,hotness,29:41.9,0
joblib,4,hotness,29:41.9,0
graphviz,4,hotness,29:41.9,0
hyperopt,4,hotness,29:41.9,0
shap,4,hotness,29:41.9,0
tensorflow_io,4,hotness,29:41.9,0
pylab,4,hotness,29:41.9,0
pmdarima,4,hotness,29:41.9,0
squarify,4,hotness,29:41.9,0
gym,4,hotness,29:41.9,0
ast,4,hotness,29:41.9,0
gensim,4,hotness,29:41.9,0
textblob,4,hotness,29:41.9,0
sweetviz,4,hotness,29:41.9,0
open_clip,3,hotness,29:41.9,0
tensorflow_addons,3,hotness,29:41.9,0
fasteda,3,hotness,29:41.9,0
operator,3,hotness,29:41.9,0
helper_functions,3,hotness,29:41.9,0
blip,3,hotness,29:41.9,0
tflite_runtime,3,hotness,29:41.9,0
lofo,3,hotness,29:41.9,0
torch_geometric,3,hotness,29:41.9,0
networkx,3,hotness,29:41.9,0
abc,3,hotness,29:41.9,0
logging,3,hotness,29:41.9,0
clip_interrogator,3,hotness,29:41.9,0
decimal,3,hotness,29:41.9,0
spacy,3,hotness,29:41.9,0
ipywidgets,3,hotness,29:41.9,0
kaggle_secrets,3,hotness,29:41.9,0
holidays,3,hotness,29:41.9,0
textwrap,3,hotness,29:41.9,0
concurrent,2,hotness,29:41.9,0
rapidfuzz,2,hotness,29:41.9,0
segmentation_models_pytorch,2,hotness,29:41.9,0
prophet,2,hotness,29:41.9,0
hdbscan,2,hotness,29:41.9,0
jo_wilder,2,hotness,29:41.9,0
emoji,2,hotness,29:41.9,0
timeit,2,hotness,29:41.9,0
surprise,2,hotness,29:41.9,0
pyarrow,2,hotness,29:41.9,0
tensorflow_decision_forests,2,hotness,29:41.9,0
libpysal,2,hotness,29:41.9,0
termcolor,2,hotness,29:41.9,0
esda,2,hotness,29:41.9,0
factor_analyzer,2,hotness,29:41.9,0
torch_scatter,2,hotness,29:41.9,0
__future__,2,hotness,29:41.9,0
evaluate,2,hotness,29:41.9,0
huggingface_hub,2,hotness,29:41.9,0
fastkaggle,2,hotness,29:41.9,0
fastbook,2,hotness,29:41.9,0
keras_tuner,2,hotness,29:41.9,0
contractions,2,hotness,29:41.9,0
dateutil,2,hotness,29:41.9,0
torchaudio,2,hotness,29:41.9,0
h2o,2,hotness,29:41.9,0
vaderSentiment,2,hotness,29:41.9,0
sqlite3,2,hotness,29:41.9,0
torchsummary,2,hotness,29:41.9,0
soundfile,2,hotness,29:41.9,0
pandas_datareader,2,hotness,29:41.9,0
onnxsim,2,hotness,29:41.9,0
ydata_profiling,2,hotness,29:41.9,0
diffusers,2,hotness,29:41.9,0
torchinfo,2,hotness,29:41.9,0
onnx,2,hotness,29:41.9,0
plotnine,2,hotness,29:41.9,0
luxai_s2,2,hotness,29:41.9,0
torchmetrics,2,hotness,29:41.9,0
onnx_tf,2,hotness,29:41.9,0
pyspark,2,hotness,29:41.9,0
wandb,2,hotness,29:41.9,0
tsflex,2,hotness,29:41.9,0
imageio,2,hotness,29:41.9,0
seglearn,2,hotness,29:41.9,0
lets_plot,2,hotness,29:41.9,0
easyocr,1,hotness,29:41.9,0
ignite,1,hotness,29:41.9,0
renumics,1,hotness,29:41.9,0
zarr,1,hotness,29:41.9,0
imagehash,1,hotness,29:41.9,0
tsfresh,1,hotness,29:41.9,0
skompiler,1,hotness,29:41.9,0
regex,1,hotness,29:41.9,0
birdclef_utils,1,hotness,29:41.9,0
opendatasets,1,hotness,29:41.9,0
bboxregressiongenerator,1,hotness,29:41.9,0
featurewiz,1,hotness,29:41.9,0
kneed,1,hotness,29:41.9,0
pyngrok,1,hotness,29:41.9,0
holoviews,1,hotness,29:41.9,0
gp_bo,1,hotness,29:41.9,0
tensorflow_data_validation,1,hotness,29:41.9,0
progressbar,1,hotness,29:41.9,0
cleanlab,1,hotness,29:41.9,0
getpass,1,hotness,29:41.9,0
pkg_resources,1,hotness,29:41.9,0
polyleven,1,hotness,29:41.9,0
unicodedata,1,hotness,29:41.9,0
klib,1,hotness,29:41.9,0
prettytable,1,hotness,29:41.9,0
hvplot,1,hotness,29:41.9,0
country_converter,1,hotness,29:41.9,0
tabulate,1,hotness,29:41.9,0
numexpr,1,hotness,29:41.9,0
spreg,1,hotness,29:41.9,0
splot,1,hotness,29:41.9,0
giddy,1,hotness,29:41.9,0
cufflinks,1,hotness,29:41.9,0
itables,1,hotness,29:41.9,0
kaggle_environments,1,hotness,29:41.9,0
rfpimp,1,hotness,29:41.9,0
boruta,1,hotness,29:41.9,0
shapely,1,hotness,29:41.9,0
segmentation_models,1,hotness,29:41.9,0
pywaffle,1,hotness,29:41.9,0
regressors,1,hotness,29:41.9,0
rl,1,hotness,29:41.9,0
base64,1,hotness,29:41.9,0
dataclasses,1,hotness,29:41.9,0
miceforest,1,hotness,29:41.9,0
kaggle,1,hotness,29:41.9,0
dask,1,hotness,29:41.9,0
kaggle_datasets,1,hotness,29:41.9,0
efficientnet,1,hotness,29:41.9,0
hashlib,1,hotness,29:41.9,0
sympy,1,hotness,29:41.9,0
unittest,1,hotness,29:41.9,0
haversine,1,hotness,29:41.9,0
einops,1,hotness,29:41.9,0
graphnet,1,hotness,29:41.9,0
pandarallel,1,hotness,29:41.9,0
fitparse,1,hotness,29:41.9,0
ggplot,1,hotness,29:41.9,0
deepchecks,1,hotness,29:41.9,0
tempfile,1,hotness,29:41.9,0
SimpleITK,1,hotness,29:41.9,0
unidecode,1,hotness,29:41.9,0
skopt,1,hotness,29:41.9,0
mediapipe,1,hotness,29:41.9,0
tkinter,1,hotness,29:41.9,0
types,1,hotness,29:41.9,0
builtins,1,hotness,29:41.9,0
model,1,hotness,29:41.9,0
mxnet,1,hotness,29:41.9,0
xarray,1,hotness,29:41.9,0
dataprep,1,hotness,29:41.9,0
pywt,1,hotness,29:41.9,0
emd,1,hotness,29:41.9,0
optbinning,1,hotness,29:41.9,0
cudf,1,hotness,29:41.9,0
pyvis,1,hotness,29:41.9,0
openslide,1,hotness,29:41.9,0
sqlalchemy,1,hotness,29:41.9,0
pymysql,1,hotness,29:41.9,0
warmup_scheduler,1,hotness,29:41.9,0
bokeh,1,hotness,29:41.9,0
cutecharts,1,hotness,29:41.9,0
huggingsound,1,hotness,29:41.9,0
rasterio,1,hotness,29:41.9,0
decode,1,hotness,29:41.9,0
paddleocr,1,hotness,29:41.9,0
phik,1,hotness,29:41.9,0
gymnasium,1,hotness,29:41.9,0
lovely_numpy,1,hotness,29:41.9,0
lingam,1,hotness,29:41.9,0
monai,1,hotness,29:41.9,0
interpret,1,hotness,29:41.9,0
mdptoolbox,1,hotness,29:41.9,0
pystacknet,1,hotness,29:41.9,0
struct,1,hotness,29:41.9,0
pygal_maps_world,1,hotness,29:41.9,0
cairosvg,1,hotness,29:41.9,0
mlens,1,hotness,29:41.9,0
yfinance,1,hotness,29:41.9,0
pytorch_tabnet,1,hotness,29:41.9,0
vit_keras,1,hotness,29:41.9,0
utils,1,hotness,29:41.9,0
branca,1,hotness,29:41.9,0
celluloid,1,hotness,29:41.9,0
bisect,1,hotness,29:41.9,0
faiss,1,hotness,29:41.9,0
rich,1,hotness,29:41.9,0
autogluon,1,hotness,29:41.9,0
visualkeras,1,hotness,29:41.9,0
lux,1,hotness,29:41.9,0
importlib_metadata,1,hotness,29:41.9,0
sb3_contrib,1,hotness,29:41.9,0
stable_baselines3,1,hotness,29:41.9,0
lxml,1,hotness,29:41.9,0
stepwise_regression,1,hotness,29:41.9,0
audioread,1,hotness,29:41.9,0
torchlibrosa,1,hotness,29:41.9,0
colorednoise,1,hotness,29:41.9,0
stable_diffusion,1,hotness,29:41.9,0
labml,1,hotness,29:41.9,0
pyLDAvis,1,hotness,29:41.9,0
tensorflow_probability,1,hotness,29:41.9,0
plotly_express,1,hotness,29:41.9,0
path,1,hotness,29:41.9,0
rawpy,1,hotness,29:41.9,0
tensor_parallel,1,hotness,29:41.9,0
peft,1,hotness,29:41.9,0
accelerate,1,hotness,29:41.9,0
nrclex,1,hotness,29:41.9,0
jsonlines,1,hotness,29:41.9,0
openTSNE,1,hotness,29:41.9,0
fastcore,1,hotness,29:41.9,0
gradio,1,hotness,29:41.9,0
duckdb,1,hotness,29:41.9,0
torch_xla,1,hotness,29:41.9,0
imutils,1,hotness,29:41.9,0
splitfolders,1,hotness,29:41.9,0
super_gradients,1,hotness,29:41.9,0
h5py,1,hotness,29:41.9,0
pandas,985,commentCount,56:00.9,0
numpy,967,commentCount,56:00.9,0
matplotlib,853,commentCount,56:00.9,0
seaborn,674,commentCount,56:00.9,0
sklearn,662,commentCount,56:00.9,0
os,504,commentCount,56:00.9,0
warnings,464,commentCount,56:00.9,0
plotly,302,commentCount,56:00.9,0
scipy,202,commentCount,56:00.9,0
xgboost,182,commentCount,56:00.9,0
tqdm,175,commentCount,56:00.9,0
IPython,151,commentCount,56:00.9,0
tensorflow,148,commentCount,56:00.9,0
datetime,135,commentCount,56:00.9,0
random,133,commentCount,56:00.9,0
lightgbm,125,commentCount,56:00.9,0
time,120,commentCount,56:00.9,0
gc,112,commentCount,56:00.9,0
re,108,commentCount,56:00.9,0
keras,107,commentCount,56:00.9,0
math,106,commentCount,56:00.9,0
cv2,98,commentCount,56:00.9,0
PIL,93,commentCount,56:00.9,0
torch,89,commentCount,56:00.9,0
collections,86,commentCount,56:00.9,0
wordcloud,79,commentCount,56:00.9,0
missingno,74,commentCount,56:00.9,0
sys,69,commentCount,56:00.9,0
glob,60,commentCount,56:00.9,0
json,58,commentCount,56:00.9,0
nltk,55,commentCount,56:00.9,0
catboost,54,commentCount,56:00.9,0
statsmodels,51,commentCount,56:00.9,0
itertools,47,commentCount,56:00.9,0
string,41,commentCount,56:00.9,0
subprocess,34,commentCount,56:00.9,0
pathlib,34,commentCount,56:00.9,0
imblearn,31,commentCount,56:00.9,0
transformers,29,commentCount,56:00.9,0
requests,28,commentCount,56:00.9,0
skimage,27,commentCount,56:00.9,0
shutil,27,commentCount,56:00.9,0
pickle,27,commentCount,56:00.9,0
folium,26,commentCount,56:00.9,0
pylab,24,commentCount,56:00.9,0
mpl_toolkits,24,commentCount,56:00.9,0
albumentations,23,commentCount,56:00.9,0
torchvision,23,commentCount,56:00.9,0
joblib,23,commentCount,56:00.9,0
pandas_profiling,22,commentCount,56:00.9,0
eli5,21,commentCount,56:00.9,0
mlxtend,21,commentCount,56:00.9,0
io,21,commentCount,56:00.9,0
copy,20,commentCount,56:00.9,0
logging,20,commentCount,56:00.9,0
efficientnet,20,commentCount,56:00.9,0
functools,20,commentCount,56:00.9,0
kaggle_datasets,20,commentCount,56:00.9,0
squarify,19,commentCount,56:00.9,0
pydicom,19,commentCount,56:00.9,0
fbprophet,17,commentCount,56:00.9,0
cufflinks,17,commentCount,56:00.9,0
fastai,16,commentCount,56:00.9,0
optuna,16,commentCount,56:00.9,0
shap,15,commentCount,56:00.9,0
typing,14,commentCount,56:00.9,0
spacy,14,commentCount,56:00.9,0
umap,13,commentCount,56:00.9,0
multiprocessing,13,commentCount,56:00.9,0
gensim,13,commentCount,56:00.9,0
tensorflow_addons,13,commentCount,56:00.9,0
urllib,12,commentCount,56:00.9,0
colorama,12,commentCount,56:00.9,0
yellowbrick,12,commentCount,56:00.9,0
pycaret,11,commentCount,56:00.9,0
pycountry,11,commentCount,56:00.9,0
geopandas,11,commentCount,56:00.9,0
ast,11,commentCount,56:00.9,0
operator,11,commentCount,56:00.9,0
numba,10,commentCount,56:00.9,0
zipfile,10,commentCount,56:00.9,0
tokenizers,10,commentCount,56:00.9,0
kaggle_secrets,9,commentCount,56:00.9,0
networkx,9,commentCount,56:00.9,0
graphviz,9,commentCount,56:00.9,0
timm,9,commentCount,56:00.9,0
pywaffle,9,commentCount,56:00.9,0
wandb,9,commentCount,56:00.9,0
altair,8,commentCount,56:00.9,0
plotly_express,8,commentCount,56:00.9,0
bokeh,8,commentCount,56:00.9,0
librosa,8,commentCount,56:00.9,0
bs4,7,commentCount,56:00.9,0
timeit,7,commentCount,56:00.9,0
calendar,7,commentCount,56:00.9,0
bq_helper,7,commentCount,56:00.9,0
efficientnet_pytorch,7,commentCount,56:00.9,0
pprint,7,commentCount,56:00.9,0
imgaug,7,commentCount,56:00.9,0
termcolor,6,commentCount,56:00.9,0
imageio,6,commentCount,56:00.9,0
base64,6,commentCount,56:00.9,0
cudf,6,commentCount,56:00.9,0
country_converter,6,commentCount,56:00.9,0
cuml,6,commentCount,56:00.9,0
dask,6,commentCount,56:00.9,0
tensorflow_hub,6,commentCount,56:00.9,0
pmdarima,6,commentCount,56:00.9,0
catalyst,6,commentCount,56:00.9,0
tokenization,6,commentCount,56:00.9,0
textblob,6,commentCount,56:00.9,0
h2o,5,commentCount,56:00.9,0
dateutil,5,commentCount,56:00.9,0
__future__,5,commentCount,56:00.9,0
sklearnex,5,commentCount,56:00.9,0
lightautoml,5,commentCount,56:00.9,0
textwrap,5,commentCount,56:00.9,0
janestreet,5,commentCount,56:00.9,0
rasterio,5,commentCount,56:00.9,0
codecs,5,commentCount,56:00.9,0
yaml,5,commentCount,56:00.9,0
six,5,commentCount,56:00.9,0
kaggle_environments,4,commentCount,56:00.9,0
category_encoders,4,commentCount,56:00.9,0
autoviz,4,commentCount,56:00.9,0
geopy,4,commentCount,56:00.9,0
segmentation_models_pytorch,4,commentCount,56:00.9,0
detectron2,4,commentCount,56:00.9,0
contextlib,4,commentCount,56:00.9,0
ipywidgets,4,commentCount,56:00.9,0
cycler,4,commentCount,56:00.9,0
hyperopt,4,commentCount,56:00.9,0
shapely,4,commentCount,56:00.9,0
pretrainedmodels,4,commentCount,56:00.9,0
gzip,4,commentCount,56:00.9,0
iterstrat,4,commentCount,56:00.9,0
Levenshtein,4,commentCount,56:00.9,0
kaggle,3,commentCount,56:00.9,0
bayes_opt,3,commentCount,56:00.9,0
greatbarrierreef,3,commentCount,56:00.9,0
importlib,3,commentCount,56:00.9,0
riiideducation,3,commentCount,56:00.9,0
statistics,3,commentCount,56:00.9,0
matplotlib_venn,3,commentCount,56:00.9,0
warmup_scheduler,3,commentCount,56:00.9,0
scikitplot,3,commentCount,56:00.9,0
pycocotools,3,commentCount,56:00.9,0
tifffile,3,commentCount,56:00.9,0
pyramid,3,commentCount,56:00.9,0
torch_xla,3,commentCount,56:00.9,0
datatable,3,commentCount,56:00.9,0
soundfile,3,commentCount,56:00.9,0
google,3,commentCount,56:00.9,0
ensemble_boxes,3,commentCount,56:00.9,0
pywt,3,commentCount,56:00.9,0
sqlite3,3,commentCount,56:00.9,0
langdetect,3,commentCount,56:00.9,0
segmentation_models,3,commentCount,56:00.9,0
dicom,3,commentCount,56:00.9,0
pdb,3,commentCount,56:00.9,0
kerastuner,3,commentCount,56:00.9,0
radam,2,commentCount,56:00.9,0
textstat,2,commentCount,56:00.9,0
circlify,2,commentCount,56:00.9,0
csvlogger,2,commentCount,56:00.9,0
concurrent,2,commentCount,56:00.9,0
modeling,2,commentCount,56:00.9,0
jpx_tokyo_market_prediction,2,commentCount,56:00.9,0
emoji,2,commentCount,56:00.9,0
neuralprophet,2,commentCount,56:00.9,0
holidays,2,commentCount,56:00.9,0
traceback,2,commentCount,56:00.9,0
keras_preprocessing,2,commentCount,56:00.9,0
fmix,2,commentCount,56:00.9,0
decimal,2,commentCount,56:00.9,0
struct,2,commentCount,56:00.9,0
difflib,2,commentCount,56:00.9,0
bson,2,commentCount,56:00.9,0
ubiquant,2,commentCount,56:00.9,0
argparse,2,commentCount,56:00.9,0
skfuzzy,2,commentCount,56:00.9,0
ignite,2,commentCount,56:00.9,0
fastcore,2,commentCount,56:00.9,0
bubbly,2,commentCount,56:00.9,0
regex,2,commentCount,56:00.9,0
pandasql,2,commentCount,56:00.9,0
abc,2,commentCount,56:00.9,0
pytorch_tabnet,2,commentCount,56:00.9,0
colorcet,2,commentCount,56:00.9,0
pandarallel,2,commentCount,56:00.9,0
captum,2,commentCount,56:00.9,0
Bio,2,commentCount,56:00.9,0
tez,2,commentCount,56:00.9,0
branca,2,commentCount,56:00.9,0
mish_activation,2,commentCount,56:00.9,0
fuzzywuzzy,2,commentCount,56:00.9,0
mlens,2,commentCount,56:00.9,0
prettytable,2,commentCount,56:00.9,0
cupy,2,commentCount,56:00.9,0
sweetviz,2,commentCount,56:00.9,0
hvplot,2,commentCount,56:00.9,0
dataprep,2,commentCount,56:00.9,0
pandas_summary,2,commentCount,56:00.9,0
dabl,2,commentCount,56:00.9,0
vecstack,2,commentCount,56:00.9,0
yolox,2,commentCount,56:00.9,0
learntools,2,commentCount,56:00.9,0
lazypredict,2,commentCount,56:00.9,0
pycountry_convert,2,commentCount,56:00.9,0
l5kit,2,commentCount,56:00.9,0
pandas_datareader,2,commentCount,56:00.9,0
holoviews,2,commentCount,56:00.9,0
audioread,2,commentCount,56:00.9,0
fastprogress,2,commentCount,56:00.9,0
bbox,2,commentCount,56:00.9,0
chardet,2,commentCount,56:00.9,0
pdpbox,2,commentCount,56:00.9,0
surprise,2,commentCount,56:00.9,0
utils,2,commentCount,56:00.9,0
ppscore,2,commentCount,56:00.9,0
googlemaps,1,commentCount,56:00.9,0
errno,1,commentCount,56:00.9,0
cord,1,commentCount,56:00.9,0
mlflow_extend,1,commentCount,56:00.9,0
mask_functions,1,commentCount,56:00.9,0
mrcnn,1,commentCount,56:00.9,0
spotipy,1,commentCount,56:00.9,0
submission,1,commentCount,56:00.9,0
polyglot,1,commentCount,56:00.9,0
memscript,1,commentCount,56:00.9,0
memory_profiler,1,commentCount,56:00.9,0
googletrans,1,commentCount,56:00.9,0
millify,1,commentCount,56:00.9,0
model,1,commentCount,56:00.9,0
lib,1,commentCount,56:00.9,0
prophet,1,commentCount,56:00.9,0
flaml,1,commentCount,56:00.9,0
efficientnet_pytorch_3d,1,commentCount,56:00.9,0
volumentations,1,commentCount,56:00.9,0
efficientnet_3D,1,commentCount,56:00.9,0
classification_models_3D,1,commentCount,56:00.9,0
nrclex,1,commentCount,56:00.9,0
face_recognition,1,commentCount,56:00.9,0
yfinance,1,commentCount,56:00.9,0
csv,1,commentCount,56:00.9,0
mplfinance,1,commentCount,56:00.9,0
rank_bm25,1,commentCount,56:00.9,0
keras_self_attention,1,commentCount,56:00.9,0
autokeras,1,commentCount,56:00.9,0
dython,1,commentCount,56:00.9,0
facenet_pytorch,1,commentCount,56:00.9,0
trackml,1,commentCount,56:00.9,0
apex,1,commentCount,56:00.9,0
rich,1,commentCount,56:00.9,0
automl_tables_wrapper,1,commentCount,56:00.9,0
en_core_sci_lg,1,commentCount,56:00.9,0
gym,1,commentCount,56:00.9,0
mplcyberpunk,1,commentCount,56:00.9,0
bert_utils,1,commentCount,56:00.9,0
goodreads_api_client,1,commentCount,56:00.9,0
tensorboard,1,commentCount,56:00.9,0
blazeface,1,commentCount,56:00.9,0
helpers,1,commentCount,56:00.9,0
jinja2,1,commentCount,56:00.9,0
dataclasses,1,commentCount,56:00.9,0
pytorch_pfn_extras,1,commentCount,56:00.9,0
chainer_chemistry,1,commentCount,56:00.9,0
pytorch_pretrained_bert,1,commentCount,56:00.9,0
mglearn,1,commentCount,56:00.9,0
kagglegym,1,commentCount,56:00.9,0
builtins,1,commentCount,56:00.9,0
helper_functions,1,commentCount,56:00.9,0
pytorch_lightning,1,commentCount,56:00.9,0
faiss,1,commentCount,56:00.9,0
modin,1,commentCount,56:00.9,0
ffmpeg,1,commentCount,56:00.9,0
venn,1,commentCount,56:00.9,0
luciferml,1,commentCount,56:00.9,0
deepflash2,1,commentCount,56:00.9,0
extract_features,1,commentCount,56:00.9,0
multiGPU,1,commentCount,56:00.9,0
numexpr,1,commentCount,56:00.9,0
progressbar,1,commentCount,56:00.9,0
wave,1,commentCount,56:00.9,0
isbnlib,1,commentCount,56:00.9,0
music21,1,commentCount,56:00.9,0
mlfoundry,1,commentCount,56:00.9,0
vcam,1,commentCount,56:00.9,0
kneed,1,commentCount,56:00.9,0
kaggle_utils_py,1,commentCount,56:00.9,0
pkg_resources,1,commentCount,56:00.9,0
sympy,1,commentCount,56:00.9,0
covsirphy,1,commentCount,56:00.9,0
pydot,1,commentCount,56:00.9,0
featuretools,1,commentCount,56:00.9,0
markupsafe,1,commentCount,56:00.9,0
tune_sklearn,1,commentCount,56:00.9,0
interpret,1,commentCount,56:00.9,0
pymc3,1,commentCount,56:00.9,0
secrets,1,commentCount,56:00.9,0
pydash,1,commentCount,56:00.9,0
cmath,1,commentCount,56:00.9,0
en_core_web_sm,1,commentCount,56:00.9,0
psutil,1,commentCount,56:00.9,0
lxml,1,commentCount,56:00.9,0
newspaper,1,commentCount,56:00.9,0
effdet,1,commentCount,56:00.9,0
torch_geometric,1,commentCount,56:00.9,0
getpass,1,commentCount,56:00.9,0
text_utils,1,commentCount,56:00.9,0
dicomsdl,1,commentCount,56:00.9,0
pylibjpeg,1,commentCount,56:00.9,0
keras_applications,1,commentCount,56:00.9,0
sort_dataframeby_monthorweek,1,commentCount,56:00.9,0
efficientnetv2,1,commentCount,56:00.9,0
brain_automl,1,commentCount,56:00.9,0
kekas,1,commentCount,56:00.9,0
duckduckgo_search,1,commentCount,56:00.9,0
fastdownload,1,commentCount,56:00.9,0
socket,1,commentCount,56:00.9,0
utilsforlyft,1,commentCount,56:00.9,0
chart_studio,1,commentCount,56:00.9,0
cellpose,1,commentCount,56:00.9,0
tensorflow_probability,1,commentCount,56:00.9,0
tensorflow_datasets,1,commentCount,56:00.9,0
distutils,1,commentCount,56:00.9,0
omegaconf,1,commentCount,56:00.9,0
torchtoolbox,1,commentCount,56:00.9,0
custom_transformers,1,commentCount,56:00.9,0
palettable,1,commentCount,56:00.9,0
types,1,commentCount,56:00.9,0
keras_segmentation,1,commentCount,56:00.9,0
platform,1,commentCount,56:00.9,0
haversine,1,commentCount,56:00.9,0
mmseg,1,commentCount,56:00.9,0
mmcv,1,commentCount,56:00.9,0
verstack,1,commentCount,56:00.9,0
lmoments3,1,commentCount,56:00.9,0
descartes,1,commentCount,56:00.9,0
skopt,1,commentCount,56:00.9,0
pyLDAvis,1,commentCount,56:00.9,0
imagehash,1,commentCount,56:00.9,0
plotnine,1,commentCount,56:00.9,0
yolov5,1,commentCount,56:00.9,0
lap,1,commentCount,56:00.9,0
gdcm,1,commentCount,56:00.9,0
threading,1,commentCount,56:00.9,0
flashtext,1,commentCount,56:00.9,0
emot,1,commentCount,56:00.9,0
pyflux,1,commentCount,56:00.9,0
numerizer,1,commentCount,56:00.9,0
viz_utils,1,commentCount,56:00.9,0
ml_utils,1,commentCount,56:00.9,0
bar_chart_race,1,commentCount,56:00.9,0
resnest,1,commentCount,56:00.9,0
lime,1,commentCount,56:00.9,0
automlwrapper,1,commentCount,56:00.9,0
lux,1,commentCount,56:00.9,0
unicodedata,1,commentCount,56:00.9,0
spellchecker,1,commentCount,56:00.9,0
scattertext,1,commentCount,56:00.9,0
py3Dmol,1,commentCount,56:00.9,0
biopandas,1,commentCount,56:00.9,0
raceplotly,1,commentCount,56:00.9,0
text2emotion,1,commentCount,56:00.9,0
tempfile,1,commentCount,56:00.9,0
lovasz,1,commentCount,56:00.9,0
pyquaternion,1,commentCount,56:00.9,0
lyft_dataset_sdk,1,commentCount,56:00.9,0
h5py,1,commentCount,56:00.9,0
torchsummary,1,commentCount,56:00.9,0
colorlover,1,commentCount,56:00.9,0
path,1,commentCount,56:00.9,0
datasets,1,commentCount,56:00.9,0
keras_tuner,1,commentCount,56:00.9,0
zipcodes,1,commentCount,56:00.9,0
af,1,commentCount,56:00.9,0
mtcnn,1,commentCount,56:00.9,0
patsy,1,commentCount,56:00.9,0
cord19reports,1,commentCount,56:00.9,0
paperai,1,commentCount,56:00.9,0
bitsandbytes,1,commentCount,56:00.9,0
txtai,1,commentCount,56:00.9,0
altair_render_script,1,commentCount,56:00.9,0
sklearn_pandas,1,commentCount,56:00.9,0
more_itertools,1,commentCount,56:00.9,0
jo_wilder,1,commentCount,56:00.9,0
pyarrow,1,commentCount,56:00.9,0
detr,1,commentCount,56:00.9,0
unidecode,1,commentCount,56:00.9,0
rinex,1,commentCount,56:00.9,0
rtkcmn,1,commentCount,56:00.9,0
rtkpos,1,commentCount,56:00.9,0
postpos,1,commentCount,56:00.9,0
__ppk_config,1,commentCount,56:00.9,0
gnsslogger_to_rnx,1,commentCount,56:00.9,0
tabulate,1,commentCount,56:00.9,0
pandas,925,dateCreated,14:07.9,0
numpy,906,dateCreated,14:07.9,0
matplotlib,705,dateCreated,14:07.9,0
sklearn,590,dateCreated,14:07.9,0
os,550,dateCreated,14:07.9,0
seaborn,435,dateCreated,14:07.9,0
warnings,166,dateCreated,14:07.9,0
tensorflow,146,dateCreated,14:07.9,0
xgboost,122,dateCreated,14:07.9,0
random,90,dateCreated,14:07.9,0
plotly,80,dateCreated,14:07.9,0
scipy,75,dateCreated,14:07.9,0
time,74,dateCreated,14:07.9,0
datetime,72,dateCreated,14:07.9,0
tqdm,71,dateCreated,14:07.9,0
torch,68,dateCreated,14:07.9,0
cv2,67,dateCreated,14:07.9,0
keras,66,dateCreated,14:07.9,0
lightgbm,59,dateCreated,14:07.9,0
math,59,dateCreated,14:07.9,0
PIL,56,dateCreated,14:07.9,0
IPython,53,dateCreated,14:07.9,0
re,52,dateCreated,14:07.9,0
imblearn,41,dateCreated,14:07.9,0
catboost,39,dateCreated,14:07.9,0
sys,39,dateCreated,14:07.9,0
collections,38,dateCreated,14:07.9,0
pickle,34,dateCreated,14:07.9,0
nltk,33,dateCreated,14:07.9,0
pathlib,32,dateCreated,14:07.9,0
glob,30,dateCreated,14:07.9,0
gc,30,dateCreated,14:07.9,0
statsmodels,30,dateCreated,14:07.9,0
torchvision,29,dateCreated,14:07.9,0
json,28,dateCreated,14:07.9,0
csv,28,dateCreated,14:07.9,0
learntools,27,dateCreated,14:07.9,0
itertools,26,dateCreated,14:07.9,0
transformers,22,dateCreated,14:07.9,0
requests,21,dateCreated,14:07.9,0
shutil,21,dateCreated,14:07.9,0
optuna,19,dateCreated,14:07.9,0
yfinance,19,dateCreated,14:07.9,0
string,19,dateCreated,14:07.9,0
copy,17,dateCreated,14:07.9,0
skimage,17,dateCreated,14:07.9,0
pytz,15,dateCreated,14:07.9,0
typing,15,dateCreated,14:07.9,0
urllib,14,dateCreated,14:07.9,0
wordcloud,14,dateCreated,14:07.9,0
functools,13,dateCreated,14:07.9,0
pandas_profiling,13,dateCreated,14:07.9,0
geopandas,10,dateCreated,14:07.9,0
category_encoders,10,dateCreated,14:07.9,0
lobe,10,dateCreated,14:07.9,0
tensorflow_hub,10,dateCreated,14:07.9,0
pycaret,9,dateCreated,14:07.9,0
fastai,9,dateCreated,14:07.9,0
lazypredict,9,dateCreated,14:07.9,0
zipfile,9,dateCreated,14:07.9,0
io,9,dateCreated,14:07.9,0
librosa,8,dateCreated,14:07.9,0
subprocess,8,dateCreated,14:07.9,0
spacy,8,dateCreated,14:07.9,0
bs4,8,dateCreated,14:07.9,0
datasets,8,dateCreated,14:07.9,0
automation,8,dateCreated,14:07.9,0
missingno,8,dateCreated,14:07.9,0
contextily,7,dateCreated,14:07.9,0
gzip,7,dateCreated,14:07.9,0
google,7,dateCreated,14:07.9,0
tensorflow_datasets,7,dateCreated,14:07.9,0
contextlib,7,dateCreated,14:07.9,0
colorama,6,dateCreated,14:07.9,0
mpl_toolkits,6,dateCreated,14:07.9,0
pylab,6,dateCreated,14:07.9,0
albumentations,6,dateCreated,14:07.9,0
imageio,6,dateCreated,14:07.9,0
tensorflow_io,6,dateCreated,14:07.9,0
pydicom,6,dateCreated,14:07.9,0
ast,6,dateCreated,14:07.9,0
argparse,6,dateCreated,14:07.9,0
folium,6,dateCreated,14:07.9,0
gensim,5,dateCreated,14:07.9,0
ipywidgets,5,dateCreated,14:07.9,0
umap,5,dateCreated,14:07.9,0
tensorflow_addons,5,dateCreated,14:07.9,0
autoviz,5,dateCreated,14:07.9,0
textblob,5,dateCreated,14:07.9,0
numba,4,dateCreated,14:07.9,0
window_ops,4,dateCreated,14:07.9,0
mlforecast,4,dateCreated,14:07.9,0
statsforecast,4,dateCreated,14:07.9,0
kerastuner,4,dateCreated,14:07.9,0
hierarchicalforecast,4,dateCreated,14:07.9,0
pyarrow,4,dateCreated,14:07.9,0
__future__,4,dateCreated,14:07.9,0
geopy,4,dateCreated,14:07.9,0
joblib,4,dateCreated,14:07.9,0
importlib,4,dateCreated,14:07.9,0
kaggle_datasets,4,dateCreated,14:07.9,0
eli5,4,dateCreated,14:07.9,0
pprint,4,dateCreated,14:07.9,0
sentence_transformers,3,dateCreated,14:07.9,0
surprise,3,dateCreated,14:07.9,0
yellowbrick,3,dateCreated,14:07.9,0
pmdarima,3,dateCreated,14:07.9,0
emoji,3,dateCreated,14:07.9,0
sqlite3,3,dateCreated,14:07.9,0
fastbook,3,dateCreated,14:07.9,0
networkx,3,dateCreated,14:07.9,0
operator,3,dateCreated,14:07.9,0
utils,3,dateCreated,14:07.9,0
chinese_calendar,3,dateCreated,14:07.9,0
pickletools,3,dateCreated,14:07.9,0
labml,3,dateCreated,14:07.9,0
stable_diffusion,3,dateCreated,14:07.9,0
torchmetrics,3,dateCreated,14:07.9,0
shap,3,dateCreated,14:07.9,0
mediapipe,3,dateCreated,14:07.9,0
fastkaggle,3,dateCreated,14:07.9,0
contractions,3,dateCreated,14:07.9,0
statistics,3,dateCreated,14:07.9,0
diffusers,3,dateCreated,14:07.9,0
Levenshtein,3,dateCreated,14:07.9,0
hashlib,3,dateCreated,14:07.9,0
prophet,3,dateCreated,14:07.9,0
tflite_runtime,3,dateCreated,14:07.9,0
mlxtend,3,dateCreated,14:07.9,0
imgaug,3,dateCreated,14:07.9,0
lion_tf,3,dateCreated,14:07.9,0
sweetviz,2,dateCreated,14:07.9,0
gradio,2,dateCreated,14:07.9,0
decimal,2,dateCreated,14:07.9,0
timm,2,dateCreated,14:07.9,0
logging,2,dateCreated,14:07.9,0
fasteda,2,dateCreated,14:07.9,0
lexsub,2,dateCreated,14:07.9,0
torchinfo,2,dateCreated,14:07.9,0
amp_pd_peptide,2,dateCreated,14:07.9,0
tensorflow_text,2,dateCreated,14:07.9,0
rouge,2,dateCreated,14:07.9,0
emot,2,dateCreated,14:07.9,0
opendatasets,2,dateCreated,14:07.9,0
segmentation_models_pytorch,2,dateCreated,14:07.9,0
regressors,2,dateCreated,14:07.9,0
enum,2,dateCreated,14:07.9,0
lightautoml,2,dateCreated,14:07.9,0
keras_contrib,2,dateCreated,14:07.9,0
featurewiz,2,dateCreated,14:07.9,0
ignite,2,dateCreated,14:07.9,0
splitfolders,2,dateCreated,14:07.9,0
evaluate,2,dateCreated,14:07.9,0
inspect,2,dateCreated,14:07.9,0
concurrent,2,dateCreated,14:07.9,0
wandb,2,dateCreated,14:07.9,0
gymnasium,2,dateCreated,14:07.9,0
timeit,2,dateCreated,14:07.9,0
flaml,2,dateCreated,14:07.9,0
huggingface_hub,2,dateCreated,14:07.9,0
xml,2,dateCreated,14:07.9,0
textwrap,2,dateCreated,14:07.9,0
pandas_datareader,2,dateCreated,14:07.9,0
pyspark,2,dateCreated,14:07.9,0
termcolor,2,dateCreated,14:07.9,0
vaderSentiment,2,dateCreated,14:07.9,0
dataclasses,2,dateCreated,14:07.9,0
pyserini,1,dateCreated,14:07.9,0
faiss,1,dateCreated,14:07.9,0
gym,1,dateCreated,14:07.9,0
hnswlib,1,dateCreated,14:07.9,0
dataprep,1,dateCreated,14:07.9,0
fitparse,1,dateCreated,14:07.9,0
pythainlp,1,dateCreated,14:07.9,0
ruptures,1,dateCreated,14:07.9,0
builtins,1,dateCreated,14:07.9,0
progressbar,1,dateCreated,14:07.9,0
unittest,1,dateCreated,14:07.9,0
polars,1,dateCreated,14:07.9,0
rawpy,1,dateCreated,14:07.9,0
torchsummary,1,dateCreated,14:07.9,0
prettytable,1,dateCreated,14:07.9,0
pyvis,1,dateCreated,14:07.9,0
mlens,1,dateCreated,14:07.9,0
openTSNE,1,dateCreated,14:07.9,0
lets_plot,1,dateCreated,14:07.9,0
torch_xla,1,dateCreated,14:07.9,0
snoop,1,dateCreated,14:07.9,0
pymystem3,1,dateCreated,14:07.9,0
lifetimes,1,dateCreated,14:07.9,0
bayes_opt,1,dateCreated,14:07.9,0
skopt,1,dateCreated,14:07.9,0
load_kaggle,1,dateCreated,14:07.9,0
pandas_dq,1,dateCreated,14:07.9,0
helper_functions,1,dateCreated,14:07.9,0
dateutil,1,dateCreated,14:07.9,0
mpl_finance,1,dateCreated,14:07.9,0
rich,1,dateCreated,14:07.9,0
cutecharts,1,dateCreated,14:07.9,0
pytesseract,1,dateCreated,14:07.9,0
utility_script_load_data,1,dateCreated,14:07.9,0
mapclassify,1,dateCreated,14:07.9,0
pascal,1,dateCreated,14:07.9,0
moviepy,1,dateCreated,14:07.9,0
einops,1,dateCreated,14:07.9,0
nrclex,1,dateCreated,14:07.9,0
efficientnet_pytorch_3d,1,dateCreated,14:07.9,0
scorecardbundle,1,dateCreated,14:07.9,0
langdetect,1,dateCreated,14:07.9,0
sympy,1,dateCreated,14:07.9,0
jupyter_dash,1,dateCreated,14:07.9,0
dash_iconify,1,dateCreated,14:07.9,0
dash,1,dateCreated,14:07.9,0
segmentation_models,1,dateCreated,14:07.9,0
sktime,1,dateCreated,14:07.9,0
googlemaps,1,dateCreated,14:07.9,0
vininfo,1,dateCreated,14:07.9,0
distutils,1,dateCreated,14:07.9,0
tensorrt,1,dateCreated,14:07.9,0
speedster,1,dateCreated,14:07.9,0
nebullvm,1,dateCreated,14:07.9,0
whisper,1,dateCreated,14:07.9,0
tiktoken,1,dateCreated,14:07.9,0
mrcnn,1,dateCreated,14:07.9,0
errno,1,dateCreated,14:07.9,0
rfpimp,1,dateCreated,14:07.9,0
boruta,1,dateCreated,14:07.9,0
autokeras,1,dateCreated,14:07.9,0
cufflinks,1,dateCreated,14:07.9,0
spellchecker,1,dateCreated,14:07.9,0
cuml,1,dateCreated,14:07.9,0
bertopic,1,dateCreated,14:07.9,0
warmup_scheduler,1,dateCreated,14:07.9,0
PyPDF2,1,dateCreated,14:07.9,0
pydantic,1,dateCreated,14:07.9,0
pyLDAvis,1,dateCreated,14:07.9,0
CompactBilinearPooling,1,dateCreated,14:07.9,0
multiprocessing,1,dateCreated,14:07.9,0
decode,1,dateCreated,14:07.9,0
rasterio,1,dateCreated,14:07.9,0
mxnet,1,dateCreated,14:07.9,0
xarray,1,dateCreated,14:07.9,0
jsonlines,1,dateCreated,14:07.9,0
interpret,1,dateCreated,14:07.9,0
dill,1,dateCreated,14:07.9,0
kaggle,1,dateCreated,14:07.9,0
hyperopt,1,dateCreated,14:07.9,0
bokeh,1,dateCreated,14:07.9,0
branca,1,dateCreated,14:07.9,0
vision_transformer_pytorch,1,dateCreated,14:07.9,0
preprocessor,1,dateCreated,14:07.9,0
chainer,1,dateCreated,14:07.9,0
pkg_resources,1,dateCreated,14:07.9,0
tifffile,1,dateCreated,14:07.9,0
pygwalker,1,dateCreated,14:07.9,0
lofo,1,dateCreated,14:07.9,0
tensorflow_probability,1,dateCreated,14:07.9,0
huggingsound,1,dateCreated,14:07.9,0
h5py,1,dateCreated,14:07.9,0
tensorflow_decision_forests,1,dateCreated,14:07.9,0
holoviews,1,dateCreated,14:07.9,0
h2o,1,dateCreated,14:07.9,0
sqlalchemy,1,dateCreated,14:07.9,0
launch,1,dateCreated,14:07.9,0
causalimpact,1,dateCreated,14:07.9,0
regex,1,dateCreated,14:07.9,0
mdptoolbox,1,dateCreated,14:07.9,0
fastcore,1,dateCreated,14:07.9,0
pymysql,1,dateCreated,14:07.9,0
engine,1,dateCreated,14:07.9,0
model,1,dateCreated,14:07.9,0
texthero,1,dateCreated,14:07.9,0
phik,1,dateCreated,14:07.9,0
pygal_maps_world,1,dateCreated,14:07.9,0
cairosvg,1,dateCreated,14:07.9,0
pytorch_lightning,1,dateCreated,14:07.9,0
squarify,1,dateCreated,14:07.9,0
path,1,dateCreated,14:07.9,0
,1,dateCreated,14:07.9,0
instancenormalization,1,dateCreated,14:07.9,0
docx,1,dateCreated,14:07.9,0
codecs,1,dateCreated,14:07.9,0
tarfile,1,dateCreated,14:07.9,0
solt,1,dateCreated,14:07.9,0
paddleocr,1,dateCreated,14:07.9,0
deepchecks,1,dateCreated,14:07.9,0
pystacknet,1,dateCreated,14:07.9,0
gtts,1,dateCreated,14:07.9,0
struct,1,dateCreated,14:07.9,0
graphviz,1,dateCreated,14:07.9,0
plotly_express,1,dateCreated,14:07.9,0
torchviz,1,dateCreated,14:07.9,0
captum,1,dateCreated,14:07.9,0
openslide,1,dateCreated,14:07.9,0
openai,1,dateCreated,14:07.9,0
abc,1,dateCreated,14:07.9,0
accelerate,1,dateCreated,14:07.9,0
vit_keras,1,dateCreated,14:07.9,0
ocr,1,dateCreated,14:07.9,0
kaggle_secrets,1,dateCreated,14:07.9,0
base64,1,dateCreated,14:07.9,0
bisect,1,dateCreated,14:07.9,0
torch_geometric,1,dateCreated,14:07.9,0
optim,1,dateCreated,14:07.9,0
quant,1,dateCreated,14:07.9,0
torchaudio,1,dateCreated,14:07.9,0
dash_mantine_components,1,dateCreated,14:07.9,0
pandas,991,scoreDescending,35:10.9,0
sklearn,794,scoreDescending,35:10.9,0
numpy,722,scoreDescending,35:10.9,0
matplotlib,507,scoreDescending,35:10.9,0
os,439,scoreDescending,35:10.9,0
seaborn,376,scoreDescending,35:10.9,0
xgboost,221,scoreDescending,35:10.9,0
learntools,209,scoreDescending,35:10.9,0
lightgbm,162,scoreDescending,35:10.9,0
warnings,131,scoreDescending,35:10.9,0
scipy,128,scoreDescending,35:10.9,0
tqdm,107,scoreDescending,35:10.9,0
math,91,scoreDescending,35:10.9,0
time,75,scoreDescending,35:10.9,0
random,73,scoreDescending,35:10.9,0
itertools,63,scoreDescending,35:10.9,0
datetime,62,scoreDescending,35:10.9,0
catboost,60,scoreDescending,35:10.9,0
gc,51,scoreDescending,35:10.9,0
numba,43,scoreDescending,35:10.9,0
functools,41,scoreDescending,35:10.9,0
tensorflow,41,scoreDescending,35:10.9,0
plotly,38,scoreDescending,35:10.9,0
sympy,33,scoreDescending,35:10.9,0
pathlib,33,scoreDescending,35:10.9,0
optuna,31,scoreDescending,35:10.9,0
collections,30,scoreDescending,35:10.9,0
statsmodels,30,scoreDescending,35:10.9,0
torch,25,scoreDescending,35:10.9,0
re,24,scoreDescending,35:10.9,0
IPython,21,scoreDescending,35:10.9,0
ortools,19,scoreDescending,35:10.9,0
pickle,16,scoreDescending,35:10.9,0
keras,16,scoreDescending,35:10.9,0
glob,15,scoreDescending,35:10.9,0
category_encoders,15,scoreDescending,35:10.9,0
cv2,14,scoreDescending,35:10.9,0
multiprocessing,14,scoreDescending,35:10.9,0
missingno,14,scoreDescending,35:10.9,0
ml_metrics,12,scoreDescending,35:10.9,0
cufflinks,12,scoreDescending,35:10.9,0
sys,11,scoreDescending,35:10.9,0
concorde,11,scoreDescending,35:10.9,0
PIL,11,scoreDescending,35:10.9,0
nltk,10,scoreDescending,35:10.9,0
pycaret,10,scoreDescending,35:10.9,0
copy,9,scoreDescending,35:10.9,0
shap,9,scoreDescending,35:10.9,0
pylab,8,scoreDescending,35:10.9,0
joblib,8,scoreDescending,35:10.9,0
io,8,scoreDescending,35:10.9,0
mlxtend,8,scoreDescending,35:10.9,0
subprocess,8,scoreDescending,35:10.9,0
typing,7,scoreDescending,35:10.9,0
preprocess,7,scoreDescending,35:10.9,0
zipfile,6,scoreDescending,35:10.9,0
imblearn,6,scoreDescending,35:10.9,0
pandas_profiling,6,scoreDescending,35:10.9,0
statistics,5,scoreDescending,35:10.9,0
csv,5,scoreDescending,35:10.9,0
eli5,5,scoreDescending,35:10.9,0
fastai,5,scoreDescending,35:10.9,0
flaml,5,scoreDescending,35:10.9,0
colorama,5,scoreDescending,35:10.9,0
h2o,4,scoreDescending,35:10.9,0
ctypes,4,scoreDescending,35:10.9,0
folium,4,scoreDescending,35:10.9,0
base64,4,scoreDescending,35:10.9,0
logging,4,scoreDescending,35:10.9,0
ast,3,scoreDescending,35:10.9,0
pdpbox,3,scoreDescending,35:10.9,0
autoviz,3,scoreDescending,35:10.9,0
shutil,3,scoreDescending,35:10.9,0
bayes_opt,3,scoreDescending,35:10.9,0
loguru,3,scoreDescending,35:10.9,0
pulp,3,scoreDescending,35:10.9,0
string,3,scoreDescending,35:10.9,0
dataprep,3,scoreDescending,35:10.9,0
heapq,3,scoreDescending,35:10.9,0
tsfresh,3,scoreDescending,35:10.9,0
dask,3,scoreDescending,35:10.9,0
tensorflow_addons,3,scoreDescending,35:10.9,0
dython,3,scoreDescending,35:10.9,0
networkx,3,scoreDescending,35:10.9,0
librosa,3,scoreDescending,35:10.9,0
pytorch_lightning,3,scoreDescending,35:10.9,0
holoviews,2,scoreDescending,35:10.9,0
geopy,2,scoreDescending,35:10.9,0
lightautoml,2,scoreDescending,35:10.9,0
pywt,2,scoreDescending,35:10.9,0
argparse,2,scoreDescending,35:10.9,0
contextlib,2,scoreDescending,35:10.9,0
rgf,2,scoreDescending,35:10.9,0
timeit,2,scoreDescending,35:10.9,0
jpx_tokyo_market_prediction,2,scoreDescending,35:10.9,0
skopt,2,scoreDescending,35:10.9,0
operator,2,scoreDescending,35:10.9,0
pyod,2,scoreDescending,35:10.9,0
mpl_toolkits,2,scoreDescending,35:10.9,0
dataclasses,2,scoreDescending,35:10.9,0
psutil,2,scoreDescending,35:10.9,0
hyperopt,2,scoreDescending,35:10.9,0
feature_engine,2,scoreDescending,35:10.9,0
wordcloud,2,scoreDescending,35:10.9,0
enum,2,scoreDescending,35:10.9,0
preprocess_hdb,2,scoreDescending,35:10.9,0
pprint,2,scoreDescending,35:10.9,0
hungarian,1,scoreDescending,35:10.9,0
html,1,scoreDescending,35:10.9,0
six,1,scoreDescending,35:10.9,0
inflection,1,scoreDescending,35:10.9,0
tarfile,1,scoreDescending,35:10.9,0
shapely,1,scoreDescending,35:10.9,0
geojson,1,scoreDescending,35:10.9,0
santa_s_2019_faster_cost_function_24_s,1,scoreDescending,35:10.9,0
hilbert,1,scoreDescending,35:10.9,0
xfeat,1,scoreDescending,35:10.9,0
feather,1,scoreDescending,35:10.9,0
pyproj,1,scoreDescending,35:10.9,0
gensim,1,scoreDescending,35:10.9,0
colorsys,1,scoreDescending,35:10.9,0
cupy,1,scoreDescending,35:10.9,0
requests,1,scoreDescending,35:10.9,0
haversine,1,scoreDescending,35:10.9,0
scikit_posthocs,1,scoreDescending,35:10.9,0
tempfile,1,scoreDescending,35:10.9,0
squarify,1,scoreDescending,35:10.9,0
transformers,1,scoreDescending,35:10.9,0
datatable,1,scoreDescending,35:10.9,0
deap,1,scoreDescending,35:10.9,0
hashlib,1,scoreDescending,35:10.9,0
BorutaShap,1,scoreDescending,35:10.9,0
pywick,1,scoreDescending,35:10.9,0
torchvision,1,scoreDescending,35:10.9,0
termcolor,1,scoreDescending,35:10.9,0
pytorch_tabnet,1,scoreDescending,35:10.9,0
linearmodels,1,scoreDescending,35:10.9,0
tabulate,1,scoreDescending,35:10.9,0
pandas_datareader,1,scoreDescending,35:10.9,0
colorcet,1,scoreDescending,35:10.9,0
hvplot,1,scoreDescending,35:10.9,0
threading,1,scoreDescending,35:10.9,0
hdbscan,1,scoreDescending,35:10.9,0
graphviz,1,scoreDescending,35:10.9,0
regex,1,scoreDescending,35:10.9,0
load_kaggle,1,scoreDescending,35:10.9,0
pandas_dq,1,scoreDescending,35:10.9,0
deepchecks,1,scoreDescending,35:10.9,0
ydata_profiling,1,scoreDescending,35:10.9,0
mylib,1,scoreDescending,35:10.9,0
kerastuner,1,scoreDescending,35:10.9,0
keras_tuner,1,scoreDescending,35:10.9,0
binascii,1,scoreDescending,35:10.9,0
pandas,914,viewCount,57:58.3,0
numpy,888,viewCount,57:58.3,0
matplotlib,776,viewCount,57:58.3,0
sklearn,537,viewCount,57:58.3,0
seaborn,518,viewCount,57:58.3,0
os,361,viewCount,57:58.3,0
warnings,259,viewCount,57:58.3,0
scipy,159,viewCount,57:58.3,0
keras,153,viewCount,57:58.3,0
tensorflow,119,viewCount,57:58.3,0
plotly,107,viewCount,57:58.3,0
time,104,viewCount,57:58.3,0
tqdm,104,viewCount,57:58.3,0
IPython,99,viewCount,57:58.3,0
datetime,96,viewCount,57:58.3,0
random,93,viewCount,57:58.3,0
xgboost,88,viewCount,57:58.3,0
re,86,viewCount,57:58.3,0
cv2,81,viewCount,57:58.3,0
math,77,viewCount,57:58.3,0
gc,72,viewCount,57:58.3,0
itertools,71,viewCount,57:58.3,0
subprocess,70,viewCount,57:58.3,0
nltk,65,viewCount,57:58.3,0
PIL,61,viewCount,57:58.3,0
lightgbm,60,viewCount,57:58.3,0
collections,59,viewCount,57:58.3,0
torch,52,viewCount,57:58.3,0
statsmodels,52,viewCount,57:58.3,0
sys,48,viewCount,57:58.3,0
glob,44,viewCount,57:58.3,0
json,38,viewCount,57:58.3,0
wordcloud,34,viewCount,57:58.3,0
string,34,viewCount,57:58.3,0
skimage,28,viewCount,57:58.3,0
pathlib,28,viewCount,57:58.3,0
mpl_toolkits,28,viewCount,57:58.3,0
pickle,25,viewCount,57:58.3,0
spacy,20,viewCount,57:58.3,0
gensim,17,viewCount,57:58.3,0
io,17,viewCount,57:58.3,0
catboost,17,viewCount,57:58.3,0
torchvision,17,viewCount,57:58.3,0
shutil,17,viewCount,57:58.3,0
functools,15,viewCount,57:58.3,0
folium,14,viewCount,57:58.3,0
missingno,14,viewCount,57:58.3,0
transformers,13,viewCount,57:58.3,0
shap,13,viewCount,57:58.3,0
__future__,13,viewCount,57:58.3,0
pylab,13,viewCount,57:58.3,0
mlxtend,13,viewCount,57:58.3,0
google,12,viewCount,57:58.3,0
fbprophet,11,viewCount,57:58.3,0
category_encoders,11,viewCount,57:58.3,0
operator,11,viewCount,57:58.3,0
base64,11,viewCount,57:58.3,0
kaggle_datasets,11,viewCount,57:58.3,0
albumentations,10,viewCount,57:58.3,0
ast,10,viewCount,57:58.3,0
logging,10,viewCount,57:58.3,0
imblearn,10,viewCount,57:58.3,0
urllib,10,viewCount,57:58.3,0
networkx,10,viewCount,57:58.3,0
requests,10,viewCount,57:58.3,0
eli5,10,viewCount,57:58.3,0
csv,9,viewCount,57:58.3,0
dateutil,9,viewCount,57:58.3,0
imgaug,9,viewCount,57:58.3,0
copy,9,viewCount,57:58.3,0
pydicom,8,viewCount,57:58.3,0
altair,8,viewCount,57:58.3,0
bs4,8,viewCount,57:58.3,0
fastai,8,viewCount,57:58.3,0
graphviz,8,viewCount,57:58.3,0
tokenizers,7,viewCount,57:58.3,0
sqlite3,7,viewCount,57:58.3,0
bokeh,7,viewCount,57:58.3,0
librosa,7,viewCount,57:58.3,0
cufflinks,6,viewCount,57:58.3,0
zipfile,6,viewCount,57:58.3,0
squarify,6,viewCount,57:58.3,0
kaggle_environments,6,viewCount,57:58.3,0
geopandas,6,viewCount,57:58.3,0
ipywidgets,6,viewCount,57:58.3,0
typing,5,viewCount,57:58.3,0
joblib,5,viewCount,57:58.3,0
dicom,5,viewCount,57:58.3,0
surprise,5,viewCount,57:58.3,0
dask,5,viewCount,57:58.3,0
hyperopt,5,viewCount,57:58.3,0
learntools,5,viewCount,57:58.3,0
scikitplot,5,viewCount,57:58.3,0
mrcnn,4,viewCount,57:58.3,0
pywt,4,viewCount,57:58.3,0
numba,4,viewCount,57:58.3,0
multiprocessing,4,viewCount,57:58.3,0
imageio,4,viewCount,57:58.3,0
efficientnet,4,viewCount,57:58.3,0
six,4,viewCount,57:58.3,0
yellowbrick,4,viewCount,57:58.3,0
timeit,4,viewCount,57:58.3,0
contextlib,3,viewCount,57:58.3,0
matplotlib_venn,3,viewCount,57:58.3,0
pyLDAvis,3,viewCount,57:58.3,0
tensorflow_addons,3,viewCount,57:58.3,0
pycountry,3,viewCount,57:58.3,0
pyramid,3,viewCount,57:58.3,0
pprint,3,viewCount,57:58.3,0
pandas_profiling,3,viewCount,57:58.3,0
codecs,3,viewCount,57:58.3,0
h5py,3,viewCount,57:58.3,0
umap,3,viewCount,57:58.3,0
hvplot,3,viewCount,57:58.3,0
catalyst,3,viewCount,57:58.3,0
imutils,3,viewCount,57:58.3,0
gzip,3,viewCount,57:58.3,0
fuzzywuzzy,3,viewCount,57:58.3,0
datatable,3,viewCount,57:58.3,0
calendar,3,viewCount,57:58.3,0
chardet,3,viewCount,57:58.3,0
gym,3,viewCount,57:58.3,0
dill,3,viewCount,57:58.3,0
prettytable,3,viewCount,57:58.3,0
facenet_pytorch,3,viewCount,57:58.3,0
pdb,3,viewCount,57:58.3,0
tensorflow_hub,3,viewCount,57:58.3,0
lightfm,2,viewCount,57:58.3,0
cudf,2,viewCount,57:58.3,0
featuretools,2,viewCount,57:58.3,0
argparse,2,viewCount,57:58.3,0
mask_functions,2,viewCount,57:58.3,0
pmdarima,2,viewCount,57:58.3,0
errno,2,viewCount,57:58.3,0
pkg_resources,2,viewCount,57:58.3,0
pydot,2,viewCount,57:58.3,0
plotly_express,2,viewCount,57:58.3,0
concurrent,2,viewCount,57:58.3,0
iterstrat,2,viewCount,57:58.3,0
imagehash,2,viewCount,57:58.3,0
geopy,2,viewCount,57:58.3,0
inspect,2,viewCount,57:58.3,0
pandasql,2,viewCount,57:58.3,0
zlib,2,viewCount,57:58.3,0
bq_helper,2,viewCount,57:58.3,0
abc,2,viewCount,57:58.3,0
dabl,2,viewCount,57:58.3,0
platform,2,viewCount,57:58.3,0
janestreet,2,viewCount,57:58.3,0
colorama,2,viewCount,57:58.3,0
holoviews,2,viewCount,57:58.3,0
bayes_opt,2,viewCount,57:58.3,0
segmentation_models_pytorch,2,viewCount,57:58.3,0
importlib,2,viewCount,57:58.3,0
riiideducation,2,viewCount,57:58.3,0
ppscore,2,viewCount,57:58.3,0
en_core_sci_lg,2,viewCount,57:58.3,0
textblob,2,viewCount,57:58.3,0
patsy,2,viewCount,57:58.3,0
struct,2,viewCount,57:58.3,0
autoviz,2,viewCount,57:58.3,0
pyflux,2,viewCount,57:58.3,0
tokenization,2,viewCount,57:58.3,0
heapq,2,viewCount,57:58.3,0
pytesseract,2,viewCount,57:58.3,0
langdetect,2,viewCount,57:58.3,0
utils,2,viewCount,57:58.3,0
yfinance,2,viewCount,57:58.3,0
shapely,2,viewCount,57:58.3,0
charset_normalizer,2,viewCount,57:58.3,0
imp,1,viewCount,57:58.3,0
flight_revenue_simulator,1,viewCount,57:58.3,0
flashtext,1,viewCount,57:58.3,0
sense2vec,1,viewCount,57:58.3,0
explacy,1,viewCount,57:58.3,0
emot,1,viewCount,57:58.3,0
nibabel,1,viewCount,57:58.3,0
numerizer,1,viewCount,57:58.3,0
tempfile,1,viewCount,57:58.3,0
numbers,1,viewCount,57:58.3,0
distutils,1,viewCount,57:58.3,0
theano,1,viewCount,57:58.3,0
lifetimes,1,viewCount,57:58.3,0
xml,1,viewCount,57:58.3,0
scaleogram,1,viewCount,57:58.3,0
pyarrow,1,viewCount,57:58.3,0
fastText,1,viewCount,57:58.3,0
gdcm,1,viewCount,57:58.3,0
lasagne,1,viewCount,57:58.3,0
pytorch_tabnet,1,viewCount,57:58.3,0
nolearn,1,viewCount,57:58.3,0
l5kit,1,viewCount,57:58.3,0
kekas,1,viewCount,57:58.3,0
utilsforlyft,1,viewCount,57:58.3,0
altair_render_script,1,viewCount,57:58.3,0
omegaconf,1,viewCount,57:58.3,0
keras_applications,1,viewCount,57:58.3,0
scattertext,1,viewCount,57:58.3,0
newspaper,1,viewCount,57:58.3,0
pyquaternion,1,viewCount,57:58.3,0
memory_profiler,1,viewCount,57:58.3,0
fnmatch,1,viewCount,57:58.3,0
memscript,1,viewCount,57:58.3,0
efficientnet_pytorch,1,viewCount,57:58.3,0
torchtoolbox,1,viewCount,57:58.3,0
pyspark,1,viewCount,57:58.3,0
goodreads_api_client,1,viewCount,57:58.3,0
progressbar,1,viewCount,57:58.3,0
kagglegym,1,viewCount,57:58.3,0
isbnlib,1,viewCount,57:58.3,0
txtai,1,viewCount,57:58.3,0
paperai,1,viewCount,57:58.3,0
cord19reports,1,viewCount,57:58.3,0
apex,1,viewCount,57:58.3,0
en_core_web_lg,1,viewCount,57:58.3,0
keras_segmentation,1,viewCount,57:58.3,0
community,1,viewCount,57:58.3,0
yaml,1,viewCount,57:58.3,0
reverse_geocoder,1,viewCount,57:58.3,0
lap,1,viewCount,57:58.3,0
kerastuner,1,viewCount,57:58.3,0
ensemble_boxes,1,viewCount,57:58.3,0
lyft_dataset_sdk,1,viewCount,57:58.3,0
torchsummary,1,viewCount,57:58.3,0
user_agents,1,viewCount,57:58.3,0
skater,1,viewCount,57:58.3,0
sherpa,1,viewCount,57:58.3,0
torch_xla,1,viewCount,57:58.3,0
timm,1,viewCount,57:58.3,0
cupy,1,viewCount,57:58.3,0
rl,1,viewCount,57:58.3,0
ray,1,viewCount,57:58.3,0
optuna,1,viewCount,57:58.3,0
apyori,1,viewCount,57:58.3,0
minisom,1,viewCount,57:58.3,0
markovify,1,viewCount,57:58.3,0
fastcore,1,viewCount,57:58.3,0
chainer,1,viewCount,57:58.3,0
clearml,1,viewCount,57:58.3,0
comet_ml,1,viewCount,57:58.3,0
src,1,viewCount,57:58.3,0
wave,1,viewCount,57:58.3,0
difflib,1,viewCount,57:58.3,0
spotipy,1,viewCount,57:58.3,0
mglearn,1,viewCount,57:58.3,0
stable_baselines3,1,viewCount,57:58.3,0
mdptoolbox,1,viewCount,57:58.3,0
hiive,1,viewCount,57:58.3,0
tslearn,1,viewCount,57:58.3,0
GPyOpt,1,viewCount,57:58.3,0
duckduckgo_search,1,viewCount,57:58.3,0
fastdownload,1,viewCount,57:58.3,0
dask_xgboost,1,viewCount,57:58.3,0
automl_tables_wrapper,1,viewCount,57:58.3,0
googletrans,1,viewCount,57:58.3,0
fancyimpute,1,viewCount,57:58.3,0
skmultilearn,1,viewCount,57:58.3,0
builtins,1,viewCount,57:58.3,0
pandas_datareader,1,viewCount,57:58.3,0
kaggle,1,viewCount,57:58.3,0
lib,1,viewCount,57:58.3,0
colorednoise,1,viewCount,57:58.3,0
pytorch_pretrained_bert,1,viewCount,57:58.3,0
mpld3,1,viewCount,57:58.3,0
covsirphy,1,viewCount,57:58.3,0
sympy,1,viewCount,57:58.3,0
tpot,1,viewCount,57:58.3,0
pdpbox,1,viewCount,57:58.3,0
fastai2,1,viewCount,57:58.3,0
palettable,1,viewCount,57:58.3,0
socket,1,viewCount,57:58.3,0
diffusers,1,viewCount,57:58.3,0
bubbly,1,viewCount,57:58.3,0
effdet,1,viewCount,57:58.3,0
audioread,1,viewCount,57:58.3,0
fastprogress,1,viewCount,57:58.3,0
soundfile,1,viewCount,57:58.3,0
rank_bm25,1,viewCount,57:58.3,0
cord,1,viewCount,57:58.3,0
pygal,1,viewCount,57:58.3,0
face_recognition,1,viewCount,57:58.3,0
custom_transformers,1,viewCount,57:58.3,0
viz_utils,1,viewCount,57:58.3,0
text_utils,1,viewCount,57:58.3,0
ml_utils,1,viewCount,57:58.3,0
chart_studio,1,viewCount,57:58.3,0
bar_chart_race,1,viewCount,57:58.3,0
datasets,1,viewCount,57:58.3,0
tarfile,1,viewCount,57:58.3,0
orangecontrib,1,viewCount,57:58.3,0
Orange,1,viewCount,57:58.3,0
ggplot,1,viewCount,57:58.3,0
cycler,1,viewCount,57:58.3,0
sentence_transformers,1,viewCount,57:58.3,0
language_detector,1,viewCount,57:58.3,0
stop_words,1,viewCount,57:58.3,0
symspellpy,1,viewCount,57:58.3,0
haversine,1,viewCount,57:58.3,0
hashlib,1,viewCount,57:58.3,0
tensorflow_datasets,1,viewCount,57:58.3,0
datashader,1,viewCount,57:58.3,0
pydotplus,1,viewCount,57:58.3,0
scispacy,1,viewCount,57:58.3,0
tifffile,1,viewCount,57:58.3,0
model,1,viewCount,57:58.3,0
colorcet,1,viewCount,57:58.3,0
geoviews,1,viewCount,57:58.3,0
types,1,viewCount,57:58.3,0
pandas,948,voteCount,24:45.8,0
numpy,917,voteCount,24:45.8,0
matplotlib,760,voteCount,24:45.8,0
sklearn,605,voteCount,24:45.8,0
seaborn,546,voteCount,24:45.8,0
os,526,voteCount,24:45.8,0
warnings,369,voteCount,24:45.8,0
tqdm,244,voteCount,24:45.8,0
scipy,197,voteCount,24:45.8,0
plotly,190,voteCount,24:45.8,0
gc,180,voteCount,24:45.8,0
random,174,voteCount,24:45.8,0
time,173,voteCount,24:45.8,0
IPython,157,voteCount,24:45.8,0
torch,142,voteCount,24:45.8,0
datetime,130,voteCount,24:45.8,0
cv2,130,voteCount,24:45.8,0
lightgbm,128,voteCount,24:45.8,0
xgboost,126,voteCount,24:45.8,0
tensorflow,124,voteCount,24:45.8,0
keras,110,voteCount,24:45.8,0
PIL,110,voteCount,24:45.8,0
re,109,voteCount,24:45.8,0
math,104,voteCount,24:45.8,0
collections,104,voteCount,24:45.8,0
sys,104,voteCount,24:45.8,0
glob,86,voteCount,24:45.8,0
json,80,voteCount,24:45.8,0
itertools,69,voteCount,24:45.8,0
pathlib,54,voteCount,24:45.8,0
nltk,53,voteCount,24:45.8,0
albumentations,48,voteCount,24:45.8,0
wordcloud,46,voteCount,24:45.8,0
string,46,voteCount,24:45.8,0
transformers,44,voteCount,24:45.8,0
skimage,42,voteCount,24:45.8,0
catboost,42,voteCount,24:45.8,0
subprocess,42,voteCount,24:45.8,0
pickle,40,voteCount,24:45.8,0
statsmodels,39,voteCount,24:45.8,0
torchvision,38,voteCount,24:45.8,0
joblib,35,voteCount,24:45.8,0
shutil,34,voteCount,24:45.8,0
pydicom,33,voteCount,24:45.8,0
functools,33,voteCount,24:45.8,0
logging,32,voteCount,24:45.8,0
fastai,30,voteCount,24:45.8,0
copy,29,voteCount,24:45.8,0
mpl_toolkits,26,voteCount,24:45.8,0
timm,25,voteCount,24:45.8,0
ast,23,voteCount,24:45.8,0
missingno,23,voteCount,24:45.8,0
kaggle_datasets,21,voteCount,24:45.8,0
typing,20,voteCount,24:45.8,0
kaggle_secrets,20,voteCount,24:45.8,0
wandb,20,voteCount,24:45.8,0
io,20,voteCount,24:45.8,0
eli5,19,voteCount,24:45.8,0
spacy,18,voteCount,24:45.8,0
folium,17,voteCount,24:45.8,0
zipfile,17,voteCount,24:45.8,0
requests,17,voteCount,24:45.8,0
shap,17,voteCount,24:45.8,0
pprint,16,voteCount,24:45.8,0
colorama,16,voteCount,24:45.8,0
tokenizers,15,voteCount,24:45.8,0
contextlib,15,voteCount,24:45.8,0
multiprocessing,14,voteCount,24:45.8,0
cufflinks,14,voteCount,24:45.8,0
category_encoders,14,voteCount,24:45.8,0
urllib,14,voteCount,24:45.8,0
networkx,13,voteCount,24:45.8,0
tensorflow_addons,13,voteCount,24:45.8,0
cudf,13,voteCount,24:45.8,0
mlxtend,13,voteCount,24:45.8,0
librosa,13,voteCount,24:45.8,0
operator,13,voteCount,24:45.8,0
gensim,13,voteCount,24:45.8,0
pylab,12,voteCount,24:45.8,0
graphviz,12,voteCount,24:45.8,0
imageio,12,voteCount,24:45.8,0
bokeh,11,voteCount,24:45.8,0
squarify,11,voteCount,24:45.8,0
tensorflow_hub,11,voteCount,24:45.8,0
dask,11,voteCount,24:45.8,0
efficientnet,11,voteCount,24:45.8,0
optuna,10,voteCount,24:45.8,0
numba,10,voteCount,24:45.8,0
__future__,10,voteCount,24:45.8,0
imblearn,10,voteCount,24:45.8,0
altair,9,voteCount,24:45.8,0
gzip,9,voteCount,24:45.8,0
fbprophet,9,voteCount,24:45.8,0
dateutil,9,voteCount,24:45.8,0
kaggle,9,voteCount,24:45.8,0
hyperopt,9,voteCount,24:45.8,0
cupy,9,voteCount,24:45.8,0
cuml,9,voteCount,24:45.8,0
base64,8,voteCount,24:45.8,0
pycountry,8,voteCount,24:45.8,0
google,8,voteCount,24:45.8,0
janestreet,7,voteCount,24:45.8,0
efficientnet_pytorch,7,voteCount,24:45.8,0
riiideducation,7,voteCount,24:45.8,0
pandas_profiling,7,voteCount,24:45.8,0
hashlib,6,voteCount,24:45.8,0
calendar,6,voteCount,24:45.8,0
chart_studio,6,voteCount,24:45.8,0
textblob,6,voteCount,24:45.8,0
tifffile,6,voteCount,24:45.8,0
matplotlib_venn,6,voteCount,24:45.8,0
tokenization,6,voteCount,24:45.8,0
Levenshtein,6,voteCount,24:45.8,0
yaml,6,voteCount,24:45.8,0
fastprogress,6,voteCount,24:45.8,0
catalyst,6,voteCount,24:45.8,0
ipywidgets,6,voteCount,24:45.8,0
segmentation_models_pytorch,6,voteCount,24:45.8,0
geopandas,5,voteCount,24:45.8,0
iterstrat,5,voteCount,24:45.8,0
shapely,5,voteCount,24:45.8,0
six,5,voteCount,24:45.8,0
csv,5,voteCount,24:45.8,0
pretrainedmodels,4,voteCount,24:45.8,0
rasterio,4,voteCount,24:45.8,0
kaggle_environments,4,voteCount,24:45.8,0
argparse,4,voteCount,24:45.8,0
soundfile,4,voteCount,24:45.8,0
dataclasses,4,voteCount,24:45.8,0
prettytable,4,voteCount,24:45.8,0
pandarallel,4,voteCount,24:45.8,0
utils,4,voteCount,24:45.8,0
importlib,4,voteCount,24:45.8,0
sqlite3,4,voteCount,24:45.8,0
greatbarrierreef,4,voteCount,24:45.8,0
pywaffle,4,voteCount,24:45.8,0
yellowbrick,4,voteCount,24:45.8,0
datasets,4,voteCount,24:45.8,0
datatable,4,voteCount,24:45.8,0
imgaug,4,voteCount,24:45.8,0
torch_xla,4,voteCount,24:45.8,0
surprise,4,voteCount,24:45.8,0
pywt,4,voteCount,24:45.8,0
hvplot,4,voteCount,24:45.8,0
dicom,4,voteCount,24:45.8,0
codecs,4,voteCount,24:45.8,0
autoviz,3,voteCount,24:45.8,0
langdetect,3,voteCount,24:45.8,0
bs4,3,voteCount,24:45.8,0
fastkaggle,3,voteCount,24:45.8,0
timeit,3,voteCount,24:45.8,0
imagehash,3,voteCount,24:45.8,0
tabulate,3,voteCount,24:45.8,0
l5kit,3,voteCount,24:45.8,0
dabl,3,voteCount,24:45.8,0
bq_helper,3,voteCount,24:45.8,0
mask_functions,3,voteCount,24:45.8,0
openslide,3,voteCount,24:45.8,0
Bio,3,voteCount,24:45.8,0
ensemble_boxes,3,voteCount,24:45.8,0
biopandas,3,voteCount,24:45.8,0
nibabel,3,voteCount,24:45.8,0
yolox,3,voteCount,24:45.8,0
pdb,3,voteCount,24:45.8,0
detectron2,3,voteCount,24:45.8,0
cycler,3,voteCount,24:45.8,0
holoviews,3,voteCount,24:45.8,0
pmdarima,3,voteCount,24:45.8,0
audioread,3,voteCount,24:45.8,0
traceback,3,voteCount,24:45.8,0
fastcore,3,voteCount,24:45.8,0
pycocotools,3,voteCount,24:45.8,0
plotly_express,3,voteCount,24:45.8,0
learntools,3,voteCount,24:45.8,0
lightautoml,2,voteCount,24:45.8,0
colorcet,2,voteCount,24:45.8,0
nnAudio,2,voteCount,24:45.8,0
pdpbox,2,voteCount,24:45.8,0
pandas_summary,2,voteCount,24:45.8,0
pyLDAvis,2,voteCount,24:45.8,0
pytorch_grad_cam,2,voteCount,24:45.8,0
effdet,2,voteCount,24:45.8,0
mlens,2,voteCount,24:45.8,0
warmup_scheduler,2,voteCount,24:45.8,0
featuretools,2,voteCount,24:45.8,0
ignite,2,voteCount,24:45.8,0
textwrap,2,voteCount,24:45.8,0
kerastuner,2,voteCount,24:45.8,0
pytorch_pfn_extras,2,voteCount,24:45.8,0
country_converter,2,voteCount,24:45.8,0
pylibjpeg,2,voteCount,24:45.8,0
pytorch_tabnet,2,voteCount,24:45.8,0
pyramid,2,voteCount,24:45.8,0
en_core_sci_lg,2,voteCount,24:45.8,0
heapq,2,voteCount,24:45.8,0
resnest,2,voteCount,24:45.8,0
pydot,2,voteCount,24:45.8,0
difflib,2,voteCount,24:45.8,0
more_itertools,2,voteCount,24:45.8,0
apex,2,voteCount,24:45.8,0
distutils,2,voteCount,24:45.8,0
pkg_resources,2,voteCount,24:45.8,0
pycaret,2,voteCount,24:45.8,0
bbox,2,voteCount,24:45.8,0
pytorch_pretrained_bert,2,voteCount,24:45.8,0
xml,2,voteCount,24:45.8,0
tez,2,voteCount,24:45.8,0
platform,2,voteCount,24:45.8,0
termcolor,2,voteCount,24:45.8,0
concurrent,2,voteCount,24:45.8,0
zarr,2,voteCount,24:45.8,0
ppscore,2,voteCount,24:45.8,0
wave,2,voteCount,24:45.8,0
struct,2,voteCount,24:45.8,0
ubiquant,2,voteCount,24:45.8,0
builtins,2,voteCount,24:45.8,0
sympy,2,voteCount,24:45.8,0
jpx_tokyo_market_prediction,2,voteCount,24:45.8,0
h5py,2,voteCount,24:45.8,0
textstat,2,voteCount,24:45.8,0
keras_applications,1,voteCount,24:45.8,0
tensorflow_datasets,1,voteCount,24:45.8,0
pynmea2,1,voteCount,24:45.8,0
tensorflow_probability,1,voteCount,24:45.8,0
af,1,voteCount,24:45.8,0
enum,1,voteCount,24:45.8,0
gym,1,voteCount,24:45.8,0
statistics,1,voteCount,24:45.8,0
pycountry_convert,1,voteCount,24:45.8,0
jo_wilder,1,voteCount,24:45.8,0
geffnet,1,voteCount,24:45.8,0
pandas_bokeh,1,voteCount,24:45.8,0
mlcomp,1,voteCount,24:45.8,0
geoplot,1,voteCount,24:45.8,0
rxrx,1,voteCount,24:45.8,0
mlcrate,1,voteCount,24:45.8,0
wtfml,1,voteCount,24:45.8,0
user_agents,1,voteCount,24:45.8,0
modeling,1,voteCount,24:45.8,0
bert_utils,1,voteCount,24:45.8,0
gresearch_crypto,1,voteCount,24:45.8,0
en_core_web_sm,1,voteCount,24:45.8,0
vecstack,1,voteCount,24:45.8,0
torch_geometric,1,voteCount,24:45.8,0
decimal,1,voteCount,24:45.8,0
dask_cuda,1,voteCount,24:45.8,0
plotnine,1,voteCount,24:45.8,0
norfair,1,voteCount,24:45.8,0
tempfile,1,voteCount,24:45.8,0
fastai2,1,voteCount,24:45.8,0
errno,1,voteCount,24:45.8,0
colorednoise,1,voteCount,24:45.8,0
py3Dmol,1,voteCount,24:45.8,0
music21,1,voteCount,24:45.8,0
mlflow_extend,1,voteCount,24:45.8,0
cmath,1,voteCount,24:45.8,0
dicomsdl,1,voteCount,24:45.8,0
scikitplot,1,voteCount,24:45.8,0
tarfile,1,voteCount,24:45.8,0
lovasz,1,voteCount,24:45.8,0
sherpa,1,voteCount,24:45.8,0
ffmpeg,1,voteCount,24:45.8,0
bar_chart_race,1,voteCount,24:45.8,0
hparams_config,1,voteCount,24:45.8,0
ray,1,voteCount,24:45.8,0
blosum,1,voteCount,24:45.8,0
efficientdet,1,voteCount,24:45.8,0
visualize_f,1,voteCount,24:45.8,0
main,1,voteCount,24:45.8,0
reverse_geocoder,1,voteCount,24:45.8,0
visualize,1,voteCount,24:45.8,0
inference,1,voteCount,24:45.8,0
accelerate,1,voteCount,24:45.8,0
tf2,1,voteCount,24:45.8,0
pyspark,1,voteCount,24:45.8,0
ase,1,voteCount,24:45.8,0
txtai,1,voteCount,24:45.8,0
chainer_chemistry,1,voteCount,24:45.8,0
joypy,1,voteCount,24:45.8,0
secrets,1,voteCount,24:45.8,0
pydash,1,voteCount,24:45.8,0
bert_tokenization,1,voteCount,24:45.8,0
pytesseract,1,voteCount,24:45.8,0
lime,1,voteCount,24:45.8,0
GPyOpt,1,voteCount,24:45.8,0
nilearn,1,voteCount,24:45.8,0
pydub,1,voteCount,24:45.8,0
bert,1,voteCount,24:45.8,0
vcam,1,voteCount,24:45.8,0
cord19reports,1,voteCount,24:45.8,0
psutil,1,voteCount,24:45.8,0
implicit,1,voteCount,24:45.8,0
sort_dataframeby_monthorweek,1,voteCount,24:45.8,0
sentence_transformers,1,voteCount,24:45.8,0
paperai,1,voteCount,24:45.8,0
io_f,1,voteCount,24:45.8,0
ca_utils,1,voteCount,24:45.8,0
umap,1,voteCount,24:45.8,0
automl_tables_wrapper,1,voteCount,24:45.8,0
flashtext,1,voteCount,24:45.8,0
emot,1,voteCount,24:45.8,0
pyflux,1,voteCount,24:45.8,0
numerizer,1,voteCount,24:45.8,0
memscript,1,voteCount,24:45.8,0
memory_profiler,1,voteCount,24:45.8,0
bitsandbytes,1,voteCount,24:45.8,0
rank_bm25,1,voteCount,24:45.8,0
cord,1,voteCount,24:45.8,0
pyarrow,1,voteCount,24:45.8,0
tensorflow_io,1,voteCount,24:45.8,0
lazypredict,1,voteCount,24:45.8,0
moviepy,1,voteCount,24:45.8,0
rich,1,voteCount,24:45.8,0
covsirphy,1,voteCount,24:45.8,0
torchtoolbox,1,voteCount,24:45.8,0
chainer,1,voteCount,24:45.8,0
detr,1,voteCount,24:45.8,0
pytorch_lightning,1,voteCount,24:45.8,0
box,1,voteCount,24:45.8,0
kekas,1,voteCount,24:45.8,0
utilsforlyft,1,voteCount,24:45.8,0
omegaconf,1,voteCount,24:45.8,0
patsy,1,voteCount,24:45.8,0
duckduckgo_search,1,voteCount,24:45.8,0
fastdownload,1,voteCount,24:45.8,0
socket,1,voteCount,24:45.8,0
palettable,1,voteCount,24:45.8,0
yfinance,1,voteCount,24:45.8,0
pandas_datareader,1,voteCount,24:45.8,0
lib,1,voteCount,24:45.8,0
abc,1,voteCount,24:45.8,0
pyquaternion,1,voteCount,24:45.8,0
lyft_dataset_sdk,1,voteCount,24:45.8,0
descartes,1,voteCount,24:45.8,0
yolov5,1,voteCount,24:45.8,0
altair_render_script,1,voteCount,24:45.8,0
bayes_opt,1,voteCount,24:45.8,0
haversine,1,voteCount,24:45.8,0
fuzzywuzzy,1,voteCount,24:45.8,0
model,1,voteCount,24:45.8,0
gdcm,1,voteCount,24:45.8,0
src,1,voteCount,24:45.8,0
tensorboard,1,voteCount,24:45.8,0
fmix,1,voteCount,24:45.8,0
geoviews,1,voteCount,24:45.8,0
custom_transformers,1,voteCount,24:45.8,0
text_utils,1,voteCount,24:45.8,0
ml_utils,1,voteCount,24:45.8,0
mglearn,1,voteCount,24:45.8,0
unidecode,1,voteCount,24:45.8,0
geopy,1,voteCount,24:45.8,0
csvlogger,1,voteCount,24:45.8,0
mish_activation,1,voteCount,24:45.8,0
radam,1,voteCount,24:45.8,0
spotipy,1,voteCount,24:45.8,0
clearml,1,voteCount,24:45.8,0
comet_ml,1,voteCount,24:45.8,0
blazeface,1,voteCount,24:45.8,0
helpers,1,voteCount,24:45.8,0
bisect,1,voteCount,24:45.8,0
facenet_pytorch,1,voteCount,24:45.8,0
pydotplus,1,voteCount,24:45.8,0
lap,1,voteCount,24:45.8,0
tflite_runtime,1,voteCount,24:45.8,0
mediapipe,1,voteCount,24:45.8,0
viz_utils,1,voteCount,24:45.8,0
imutils,1,voteCount,24:45.8,0
datashader,1,voteCount,24:45.8,0
efficientnet_pytorch_3d,1,voteCount,24:45.8,0
trackml,1,voteCount,24:45.8,0
dask_xgboost,1,voteCount,24:45.8,0
ipyplot,1,voteCount,24:45.8,0
face_recognition,1,voteCount,24:45.8,0
inspect,1,voteCount,24:45.8,0
jpegio,1,voteCount,24:45.8,0
stegano,1,voteCount,24:45.8,0
polyglot,1,voteCount,24:45.8,0
googletrans,1,voteCount,24:45.8,0
newspaper,1,voteCount,24:45.8,0
isbnlib,1,voteCount,24:45.8,0
progressbar,1,voteCount,24:45.8,0
goodreads_api_client,1,voteCount,24:45.8,0
lux,1,voteCount,24:45.8,0
dataprep,1,voteCount,24:45.8,0
sweetviz,1,voteCount,24:45.8,0
mpld3,1,voteCount,24:45.8,0
scispacy,1,voteCount,24:45.8,0
bubbly,1,voteCount,24:45.8,0
community,1,voteCount,24:45.8,0
